"edrpou","public_name","тип_працівника","спеціальність","count"
"02006716","КОМУНАЛЬНЕ НЕКОМЕРЦІЙНЕ ПІДПРИЄМСТВО ""ЗАПОРІЗЬКА ОБЛАСНА КЛІНІЧНА ЛІКАРНЯ"" ЗАПОРІЗЬКОЇ ОБЛАСНОЇ РАДИ","адміністратор",NULL,"1"
"02006716","КОМУНАЛЬНЕ НЕКОМЕРЦІЙНЕ ПІДПРИЄМСТВО ""ЗАПОРІЗЬКА ОБЛАСНА КЛІНІЧНА ЛІКАРНЯ"" ЗАПОРІЗЬКОЇ ОБЛАСНОЇ РАДИ","асистент","Лабораторна справа (клініка)","48"
"02006716","КОМУНАЛЬНЕ НЕКОМЕРЦІЙНЕ ПІДПРИЄМСТВО ""ЗАПОРІЗЬКА ОБЛАСНА КЛІНІЧНА ЛІКАРНЯ"" ЗАПОРІЗЬКОЇ ОБЛАСНОЇ РАДИ","асистент","Ерготерапія","6"
"02006716","КОМУНАЛЬНЕ НЕКОМЕРЦІЙНЕ ПІДПРИЄМСТВО ""ЗАПОРІЗЬКА ОБЛАСНА КЛІНІЧНА ЛІКАРНЯ"" ЗАПОРІЗЬКОЇ ОБЛАСНОЇ РАДИ","асистент","Лікувальна справа","84"
"02006716","КОМУНАЛЬНЕ НЕКОМЕРЦІЙНЕ ПІДПРИЄМСТВО ""ЗАПОРІЗЬКА ОБЛАСНА КЛІНІЧНА ЛІКАРНЯ"" ЗАПОРІЗЬКОЇ ОБЛАСНОЇ РАДИ","асистент","Лабораторна справа (гігієна)","4"
"02006716","КОМУНАЛЬНЕ НЕКОМЕРЦІЙНЕ ПІДПРИЄМСТВО ""ЗАПОРІЗЬКА ОБЛАСНА КЛІНІЧНА ЛІКАРНЯ"" ЗАПОРІЗЬКОЇ ОБЛАСНОЇ РАДИ","асистент","Медична статистика","1"
"02006716","КОМУНАЛЬНЕ НЕКОМЕРЦІЙНЕ ПІДПРИЄМСТВО ""ЗАПОРІЗЬКА ОБЛАСНА КЛІНІЧНА ЛІКАРНЯ"" ЗАПОРІЗЬКОЇ ОБЛАСНОЇ РАДИ","асистент","Сестринська справа","191"
"02006716","КОМУНАЛЬНЕ НЕКОМЕРЦІЙНЕ ПІДПРИЄМСТВО ""ЗАПОРІЗЬКА ОБЛАСНА КЛІНІЧНА ЛІКАРНЯ"" ЗАПОРІЗЬКОЇ ОБЛАСНОЇ РАДИ","асистент","Сестринська справа (операційна)","58"
"02006716","КОМУНАЛЬНЕ НЕКОМЕРЦІЙНЕ ПІДПРИЄМСТВО ""ЗАПОРІЗЬКА ОБЛАСНА КЛІНІЧНА ЛІКАРНЯ"" ЗАПОРІЗЬКОЇ ОБЛАСНОЇ РАДИ","асистент","Фізична терапія","12"
"02006716","КОМУНАЛЬНЕ НЕКОМЕРЦІЙНЕ ПІДПРИЄМСТВО ""ЗАПОРІЗЬКА ОБЛАСНА КЛІНІЧНА ЛІКАРНЯ"" ЗАПОРІЗЬКОЇ ОБЛАСНОЇ РАДИ","асистент","Рентгенологія","9"
"02006716","КОМУНАЛЬНЕ НЕКОМЕРЦІЙНЕ ПІДПРИЄМСТВО ""ЗАПОРІЗЬКА ОБЛАСНА КЛІНІЧНА ЛІКАРНЯ"" ЗАПОРІЗЬКОЇ ОБЛАСНОЇ РАДИ","відділ кадрів",NULL,"4"
"02006716","КОМУНАЛЬНЕ НЕКОМЕРЦІЙНЕ ПІДПРИЄМСТВО ""ЗАПОРІЗЬКА ОБЛАСНА КЛІНІЧНА ЛІКАРНЯ"" ЗАПОРІЗЬКОЇ ОБЛАСНОЇ РАДИ","Лаборант","Бактеріологія","1"
"02006716","КОМУНАЛЬНЕ НЕКОМЕРЦІЙНЕ ПІДПРИЄМСТВО ""ЗАПОРІЗЬКА ОБЛАСНА КЛІНІЧНА ЛІКАРНЯ"" ЗАПОРІЗЬКОЇ ОБЛАСНОЇ РАДИ","Медичний координатор","Анестезіологія","4"
"02006716","КОМУНАЛЬНЕ НЕКОМЕРЦІЙНЕ ПІДПРИЄМСТВО ""ЗАПОРІЗЬКА ОБЛАСНА КЛІНІЧНА ЛІКАРНЯ"" ЗАПОРІЗЬКОЇ ОБЛАСНОЇ РАДИ","Медичний координатор","Нефрологія","2"
"02006716","КОМУНАЛЬНЕ НЕКОМЕРЦІЙНЕ ПІДПРИЄМСТВО ""ЗАПОРІЗЬКА ОБЛАСНА КЛІНІЧНА ЛІКАРНЯ"" ЗАПОРІЗЬКОЇ ОБЛАСНОЇ РАДИ","Медичний координатор","Трансплантологія","1"
"02006716","КОМУНАЛЬНЕ НЕКОМЕРЦІЙНЕ ПІДПРИЄМСТВО ""ЗАПОРІЗЬКА ОБЛАСНА КЛІНІЧНА ЛІКАРНЯ"" ЗАПОРІЗЬКОЇ ОБЛАСНОЇ РАДИ","керівник закладу ОЗ",NULL,"1"
"02006716","КОМУНАЛЬНЕ НЕКОМЕРЦІЙНЕ ПІДПРИЄМСТВО ""ЗАПОРІЗЬКА ОБЛАСНА КЛІНІЧНА ЛІКАРНЯ"" ЗАПОРІЗЬКОЇ ОБЛАСНОЇ РАДИ","працівник реєстратури",NULL,"56"
"02006716","КОМУНАЛЬНЕ НЕКОМЕРЦІЙНЕ ПІДПРИЄМСТВО ""ЗАПОРІЗЬКА ОБЛАСНА КЛІНІЧНА ЛІКАРНЯ"" ЗАПОРІЗЬКОЇ ОБЛАСНОЇ РАДИ","спеціаліст","Алергологія","4"
"02006716","КОМУНАЛЬНЕ НЕКОМЕРЦІЙНЕ ПІДПРИЄМСТВО ""ЗАПОРІЗЬКА ОБЛАСНА КЛІНІЧНА ЛІКАРНЯ"" ЗАПОРІЗЬКОЇ ОБЛАСНОЇ РАДИ","спеціаліст","Анестезіологія","57"
"02006716","КОМУНАЛЬНЕ НЕКОМЕРЦІЙНЕ ПІДПРИЄМСТВО ""ЗАПОРІЗЬКА ОБЛАСНА КЛІНІЧНА ЛІКАРНЯ"" ЗАПОРІЗЬКОЇ ОБЛАСНОЇ РАДИ","спеціаліст","Сурдологія","2"
"02006716","КОМУНАЛЬНЕ НЕКОМЕРЦІЙНЕ ПІДПРИЄМСТВО ""ЗАПОРІЗЬКА ОБЛАСНА КЛІНІЧНА ЛІКАРНЯ"" ЗАПОРІЗЬКОЇ ОБЛАСНОЇ РАДИ","спеціаліст","Бактеріологія","2"
"02006716","КОМУНАЛЬНЕ НЕКОМЕРЦІЙНЕ ПІДПРИЄМСТВО ""ЗАПОРІЗЬКА ОБЛАСНА КЛІНІЧНА ЛІКАРНЯ"" ЗАПОРІЗЬКОЇ ОБЛАСНОЇ РАДИ","спеціаліст","Кардіологія","13"
"02006716","КОМУНАЛЬНЕ НЕКОМЕРЦІЙНЕ ПІДПРИЄМСТВО ""ЗАПОРІЗЬКА ОБЛАСНА КЛІНІЧНА ЛІКАРНЯ"" ЗАПОРІЗЬКОЇ ОБЛАСНОЇ РАДИ","спеціаліст","Хірургія серця та магістральних судин","6"
"02006716","КОМУНАЛЬНЕ НЕКОМЕРЦІЙНЕ ПІДПРИЄМСТВО ""ЗАПОРІЗЬКА ОБЛАСНА КЛІНІЧНА ЛІКАРНЯ"" ЗАПОРІЗЬКОЇ ОБЛАСНОЇ РАДИ","спеціаліст","Клінічна біохімія","2"
"02006716","КОМУНАЛЬНЕ НЕКОМЕРЦІЙНЕ ПІДПРИЄМСТВО ""ЗАПОРІЗЬКА ОБЛАСНА КЛІНІЧНА ЛІКАРНЯ"" ЗАПОРІЗЬКОЇ ОБЛАСНОЇ РАДИ","спеціаліст","Клінічна лабораторна діагностика","5"
"02006716","КОМУНАЛЬНЕ НЕКОМЕРЦІЙНЕ ПІДПРИЄМСТВО ""ЗАПОРІЗЬКА ОБЛАСНА КЛІНІЧНА ЛІКАРНЯ"" ЗАПОРІЗЬКОЇ ОБЛАСНОЇ РАДИ","спеціаліст","Клінічна імунологія","2"
"02006716","КОМУНАЛЬНЕ НЕКОМЕРЦІЙНЕ ПІДПРИЄМСТВО ""ЗАПОРІЗЬКА ОБЛАСНА КЛІНІЧНА ЛІКАРНЯ"" ЗАПОРІЗЬКОЇ ОБЛАСНОЇ РАДИ","спеціаліст","Дерматовенерологія","4"
"02006716","КОМУНАЛЬНЕ НЕКОМЕРЦІЙНЕ ПІДПРИЄМСТВО ""ЗАПОРІЗЬКА ОБЛАСНА КЛІНІЧНА ЛІКАРНЯ"" ЗАПОРІЗЬКОЇ ОБЛАСНОЇ РАДИ","спеціаліст","Дієтологія","2"
"02006716","КОМУНАЛЬНЕ НЕКОМЕРЦІЙНЕ ПІДПРИЄМСТВО ""ЗАПОРІЗЬКА ОБЛАСНА КЛІНІЧНА ЛІКАРНЯ"" ЗАПОРІЗЬКОЇ ОБЛАСНОЇ РАДИ","спеціаліст","Медицина невідкладних станів","4"
"02006716","КОМУНАЛЬНЕ НЕКОМЕРЦІЙНЕ ПІДПРИЄМСТВО ""ЗАПОРІЗЬКА ОБЛАСНА КЛІНІЧНА ЛІКАРНЯ"" ЗАПОРІЗЬКОЇ ОБЛАСНОЇ РАДИ","спеціаліст","Ендокринологія","6"
"02006716","КОМУНАЛЬНЕ НЕКОМЕРЦІЙНЕ ПІДПРИЄМСТВО ""ЗАПОРІЗЬКА ОБЛАСНА КЛІНІЧНА ЛІКАРНЯ"" ЗАПОРІЗЬКОЇ ОБЛАСНОЇ РАДИ","спеціаліст","Ендоскопія","6"
"02006716","КОМУНАЛЬНЕ НЕКОМЕРЦІЙНЕ ПІДПРИЄМСТВО ""ЗАПОРІЗЬКА ОБЛАСНА КЛІНІЧНА ЛІКАРНЯ"" ЗАПОРІЗЬКОЇ ОБЛАСНОЇ РАДИ","спеціаліст","Епідеміологія","2"
"02006716","КОМУНАЛЬНЕ НЕКОМЕРЦІЙНЕ ПІДПРИЄМСТВО ""ЗАПОРІЗЬКА ОБЛАСНА КЛІНІЧНА ЛІКАРНЯ"" ЗАПОРІЗЬКОЇ ОБЛАСНОЇ РАДИ","спеціаліст","Ерготерапія","6"
"02006716","КОМУНАЛЬНЕ НЕКОМЕРЦІЙНЕ ПІДПРИЄМСТВО ""ЗАПОРІЗЬКА ОБЛАСНА КЛІНІЧНА ЛІКАРНЯ"" ЗАПОРІЗЬКОЇ ОБЛАСНОЇ РАДИ","спеціаліст","Функціональна діагностика","7"
"02006716","КОМУНАЛЬНЕ НЕКОМЕРЦІЙНЕ ПІДПРИЄМСТВО ""ЗАПОРІЗЬКА ОБЛАСНА КЛІНІЧНА ЛІКАРНЯ"" ЗАПОРІЗЬКОЇ ОБЛАСНОЇ РАДИ","спеціаліст","Гастроентерологія","4"
"02006716","КОМУНАЛЬНЕ НЕКОМЕРЦІЙНЕ ПІДПРИЄМСТВО ""ЗАПОРІЗЬКА ОБЛАСНА КЛІНІЧНА ЛІКАРНЯ"" ЗАПОРІЗЬКОЇ ОБЛАСНОЇ РАДИ","спеціаліст","Гематологія","7"
"02006716","КОМУНАЛЬНЕ НЕКОМЕРЦІЙНЕ ПІДПРИЄМСТВО ""ЗАПОРІЗЬКА ОБЛАСНА КЛІНІЧНА ЛІКАРНЯ"" ЗАПОРІЗЬКОЇ ОБЛАСНОЇ РАДИ","спеціаліст","Хірургія","19"
"02006716","КОМУНАЛЬНЕ НЕКОМЕРЦІЙНЕ ПІДПРИЄМСТВО ""ЗАПОРІЗЬКА ОБЛАСНА КЛІНІЧНА ЛІКАРНЯ"" ЗАПОРІЗЬКОЇ ОБЛАСНОЇ РАДИ","спеціаліст","Онкогінекологія","2"
"02006716","КОМУНАЛЬНЕ НЕКОМЕРЦІЙНЕ ПІДПРИЄМСТВО ""ЗАПОРІЗЬКА ОБЛАСНА КЛІНІЧНА ЛІКАРНЯ"" ЗАПОРІЗЬКОЇ ОБЛАСНОЇ РАДИ","спеціаліст","Інфекційні хвороби","1"
"02006716","КОМУНАЛЬНЕ НЕКОМЕРЦІЙНЕ ПІДПРИЄМСТВО ""ЗАПОРІЗЬКА ОБЛАСНА КЛІНІЧНА ЛІКАРНЯ"" ЗАПОРІЗЬКОЇ ОБЛАСНОЇ РАДИ","спеціаліст","Інтервенційна кардіологія","3"
"02006716","КОМУНАЛЬНЕ НЕКОМЕРЦІЙНЕ ПІДПРИЄМСТВО ""ЗАПОРІЗЬКА ОБЛАСНА КЛІНІЧНА ЛІКАРНЯ"" ЗАПОРІЗЬКОЇ ОБЛАСНОЇ РАДИ","спеціаліст","Лабораторна імунологія","4"
"02006716","КОМУНАЛЬНЕ НЕКОМЕРЦІЙНЕ ПІДПРИЄМСТВО ""ЗАПОРІЗЬКА ОБЛАСНА КЛІНІЧНА ЛІКАРНЯ"" ЗАПОРІЗЬКОЇ ОБЛАСНОЇ РАДИ","спеціаліст","Нефрологія","6"
"02006716","КОМУНАЛЬНЕ НЕКОМЕРЦІЙНЕ ПІДПРИЄМСТВО ""ЗАПОРІЗЬКА ОБЛАСНА КЛІНІЧНА ЛІКАРНЯ"" ЗАПОРІЗЬКОЇ ОБЛАСНОЇ РАДИ","спеціаліст","Неврологія","24"
"02006716","КОМУНАЛЬНЕ НЕКОМЕРЦІЙНЕ ПІДПРИЄМСТВО ""ЗАПОРІЗЬКА ОБЛАСНА КЛІНІЧНА ЛІКАРНЯ"" ЗАПОРІЗЬКОЇ ОБЛАСНОЇ РАДИ","спеціаліст","Нейрохірургія","4"
"02006716","КОМУНАЛЬНЕ НЕКОМЕРЦІЙНЕ ПІДПРИЄМСТВО ""ЗАПОРІЗЬКА ОБЛАСНА КЛІНІЧНА ЛІКАРНЯ"" ЗАПОРІЗЬКОЇ ОБЛАСНОЇ РАДИ","спеціаліст","Акушерство і гінекологія","13"
"02006716","КОМУНАЛЬНЕ НЕКОМЕРЦІЙНЕ ПІДПРИЄМСТВО ""ЗАПОРІЗЬКА ОБЛАСНА КЛІНІЧНА ЛІКАРНЯ"" ЗАПОРІЗЬКОЇ ОБЛАСНОЇ РАДИ","спеціаліст","Професійна патологія","2"
"02006716","КОМУНАЛЬНЕ НЕКОМЕРЦІЙНЕ ПІДПРИЄМСТВО ""ЗАПОРІЗЬКА ОБЛАСНА КЛІНІЧНА ЛІКАРНЯ"" ЗАПОРІЗЬКОЇ ОБЛАСНОЇ РАДИ","спеціаліст","Онкологія","6"
"02006716","КОМУНАЛЬНЕ НЕКОМЕРЦІЙНЕ ПІДПРИЄМСТВО ""ЗАПОРІЗЬКА ОБЛАСНА КЛІНІЧНА ЛІКАРНЯ"" ЗАПОРІЗЬКОЇ ОБЛАСНОЇ РАДИ","спеціаліст","Офтальмологія","24"
"02006716","КОМУНАЛЬНЕ НЕКОМЕРЦІЙНЕ ПІДПРИЄМСТВО ""ЗАПОРІЗЬКА ОБЛАСНА КЛІНІЧНА ЛІКАРНЯ"" ЗАПОРІЗЬКОЇ ОБЛАСНОЇ РАДИ","спеціаліст","Щелепно-лицева хірургія","2"
"02006716","КОМУНАЛЬНЕ НЕКОМЕРЦІЙНЕ ПІДПРИЄМСТВО ""ЗАПОРІЗЬКА ОБЛАСНА КЛІНІЧНА ЛІКАРНЯ"" ЗАПОРІЗЬКОЇ ОБЛАСНОЇ РАДИ","спеціаліст","Ортопедія і травматологія","18"
"02006716","КОМУНАЛЬНЕ НЕКОМЕРЦІЙНЕ ПІДПРИЄМСТВО ""ЗАПОРІЗЬКА ОБЛАСНА КЛІНІЧНА ЛІКАРНЯ"" ЗАПОРІЗЬКОЇ ОБЛАСНОЇ РАДИ","спеціаліст","Отоларингологія","16"
"02006716","КОМУНАЛЬНЕ НЕКОМЕРЦІЙНЕ ПІДПРИЄМСТВО ""ЗАПОРІЗЬКА ОБЛАСНА КЛІНІЧНА ЛІКАРНЯ"" ЗАПОРІЗЬКОЇ ОБЛАСНОЇ РАДИ","спеціаліст","Дитяча анестезіологія","6"
"02006716","КОМУНАЛЬНЕ НЕКОМЕРЦІЙНЕ ПІДПРИЄМСТВО ""ЗАПОРІЗЬКА ОБЛАСНА КЛІНІЧНА ЛІКАРНЯ"" ЗАПОРІЗЬКОЇ ОБЛАСНОЇ РАДИ","спеціаліст","Дитяча отоларингологія","1"
"02006716","КОМУНАЛЬНЕ НЕКОМЕРЦІЙНЕ ПІДПРИЄМСТВО ""ЗАПОРІЗЬКА ОБЛАСНА КЛІНІЧНА ЛІКАРНЯ"" ЗАПОРІЗЬКОЇ ОБЛАСНОЇ РАДИ","спеціаліст","Фізична та реабілітаційна медицина","9"
"02006716","КОМУНАЛЬНЕ НЕКОМЕРЦІЙНЕ ПІДПРИЄМСТВО ""ЗАПОРІЗЬКА ОБЛАСНА КЛІНІЧНА ЛІКАРНЯ"" ЗАПОРІЗЬКОЇ ОБЛАСНОЇ РАДИ","спеціаліст","Фізична терапія","9"
"02006716","КОМУНАЛЬНЕ НЕКОМЕРЦІЙНЕ ПІДПРИЄМСТВО ""ЗАПОРІЗЬКА ОБЛАСНА КЛІНІЧНА ЛІКАРНЯ"" ЗАПОРІЗЬКОЇ ОБЛАСНОЇ РАДИ","спеціаліст","Проктологія","3"
"02006716","КОМУНАЛЬНЕ НЕКОМЕРЦІЙНЕ ПІДПРИЄМСТВО ""ЗАПОРІЗЬКА ОБЛАСНА КЛІНІЧНА ЛІКАРНЯ"" ЗАПОРІЗЬКОЇ ОБЛАСНОЇ РАДИ","спеціаліст","Психіатрія","6"
"02006716","КОМУНАЛЬНЕ НЕКОМЕРЦІЙНЕ ПІДПРИЄМСТВО ""ЗАПОРІЗЬКА ОБЛАСНА КЛІНІЧНА ЛІКАРНЯ"" ЗАПОРІЗЬКОЇ ОБЛАСНОЇ РАДИ","спеціаліст","Організація і управління охороною здоров'я","2"
"02006716","КОМУНАЛЬНЕ НЕКОМЕРЦІЙНЕ ПІДПРИЄМСТВО ""ЗАПОРІЗЬКА ОБЛАСНА КЛІНІЧНА ЛІКАРНЯ"" ЗАПОРІЗЬКОЇ ОБЛАСНОЇ РАДИ","спеціаліст","Пульмонологія","5"
"02006716","КОМУНАЛЬНЕ НЕКОМЕРЦІЙНЕ ПІДПРИЄМСТВО ""ЗАПОРІЗЬКА ОБЛАСНА КЛІНІЧНА ЛІКАРНЯ"" ЗАПОРІЗЬКОЇ ОБЛАСНОЇ РАДИ","спеціаліст","Рефлексотерапія","1"
"02006716","КОМУНАЛЬНЕ НЕКОМЕРЦІЙНЕ ПІДПРИЄМСТВО ""ЗАПОРІЗЬКА ОБЛАСНА КЛІНІЧНА ЛІКАРНЯ"" ЗАПОРІЗЬКОЇ ОБЛАСНОЇ РАДИ","спеціаліст","Ревматологія","5"
"02006716","КОМУНАЛЬНЕ НЕКОМЕРЦІЙНЕ ПІДПРИЄМСТВО ""ЗАПОРІЗЬКА ОБЛАСНА КЛІНІЧНА ЛІКАРНЯ"" ЗАПОРІЗЬКОЇ ОБЛАСНОЇ РАДИ","спеціаліст","Стоматологія","1"
"02006716","КОМУНАЛЬНЕ НЕКОМЕРЦІЙНЕ ПІДПРИЄМСТВО ""ЗАПОРІЗЬКА ОБЛАСНА КЛІНІЧНА ЛІКАРНЯ"" ЗАПОРІЗЬКОЇ ОБЛАСНОЇ РАДИ","спеціаліст","Онкохірургія","4"
"02006716","КОМУНАЛЬНЕ НЕКОМЕРЦІЙНЕ ПІДПРИЄМСТВО ""ЗАПОРІЗЬКА ОБЛАСНА КЛІНІЧНА ЛІКАРНЯ"" ЗАПОРІЗЬКОЇ ОБЛАСНОЇ РАДИ","спеціаліст","Терапія","26"
"02006716","КОМУНАЛЬНЕ НЕКОМЕРЦІЙНЕ ПІДПРИЄМСТВО ""ЗАПОРІЗЬКА ОБЛАСНА КЛІНІЧНА ЛІКАРНЯ"" ЗАПОРІЗЬКОЇ ОБЛАСНОЇ РАДИ","спеціаліст","Торакальна хірургія","1"
"02006716","КОМУНАЛЬНЕ НЕКОМЕРЦІЙНЕ ПІДПРИЄМСТВО ""ЗАПОРІЗЬКА ОБЛАСНА КЛІНІЧНА ЛІКАРНЯ"" ЗАПОРІЗЬКОЇ ОБЛАСНОЇ РАДИ","спеціаліст","Трансфузіологія","2"
"02006716","КОМУНАЛЬНЕ НЕКОМЕРЦІЙНЕ ПІДПРИЄМСТВО ""ЗАПОРІЗЬКА ОБЛАСНА КЛІНІЧНА ЛІКАРНЯ"" ЗАПОРІЗЬКОЇ ОБЛАСНОЇ РАДИ","спеціаліст","Трансплантологія","6"
"02006716","КОМУНАЛЬНЕ НЕКОМЕРЦІЙНЕ ПІДПРИЄМСТВО ""ЗАПОРІЗЬКА ОБЛАСНА КЛІНІЧНА ЛІКАРНЯ"" ЗАПОРІЗЬКОЇ ОБЛАСНОЇ РАДИ","спеціаліст","Ультразвукова діагностика","15"
"02006716","КОМУНАЛЬНЕ НЕКОМЕРЦІЙНЕ ПІДПРИЄМСТВО ""ЗАПОРІЗЬКА ОБЛАСНА КЛІНІЧНА ЛІКАРНЯ"" ЗАПОРІЗЬКОЇ ОБЛАСНОЇ РАДИ","спеціаліст","Урологія","7"
"02006716","КОМУНАЛЬНЕ НЕКОМЕРЦІЙНЕ ПІДПРИЄМСТВО ""ЗАПОРІЗЬКА ОБЛАСНА КЛІНІЧНА ЛІКАРНЯ"" ЗАПОРІЗЬКОЇ ОБЛАСНОЇ РАДИ","спеціаліст","Судинна хірургія","6"
"02006716","КОМУНАЛЬНЕ НЕКОМЕРЦІЙНЕ ПІДПРИЄМСТВО ""ЗАПОРІЗЬКА ОБЛАСНА КЛІНІЧНА ЛІКАРНЯ"" ЗАПОРІЗЬКОЇ ОБЛАСНОЇ РАДИ","спеціаліст","Рентгенологія","17"
"02009867","КОМУНАЛЬНЕ НЕКОМЕРЦІЙНЕ ПІДПРИЄМСТВО ""ХЕРСОНСЬКА ОБЛАСНА КЛІНІЧНА ЛІКАРНЯ"" ХЕРСОНСЬКОЇ ОБЛАСНОЇ РАДИ","асистент","Лабораторна справа (клініка)","14"
"02009867","КОМУНАЛЬНЕ НЕКОМЕРЦІЙНЕ ПІДПРИЄМСТВО ""ХЕРСОНСЬКА ОБЛАСНА КЛІНІЧНА ЛІКАРНЯ"" ХЕРСОНСЬКОЇ ОБЛАСНОЇ РАДИ","асистент","Лікувальна справа","12"
"02009867","КОМУНАЛЬНЕ НЕКОМЕРЦІЙНЕ ПІДПРИЄМСТВО ""ХЕРСОНСЬКА ОБЛАСНА КЛІНІЧНА ЛІКАРНЯ"" ХЕРСОНСЬКОЇ ОБЛАСНОЇ РАДИ","асистент","Лабораторна справа (гігієна)","1"
"02009867","КОМУНАЛЬНЕ НЕКОМЕРЦІЙНЕ ПІДПРИЄМСТВО ""ХЕРСОНСЬКА ОБЛАСНА КЛІНІЧНА ЛІКАРНЯ"" ХЕРСОНСЬКОЇ ОБЛАСНОЇ РАДИ","асистент","Медична статистика","1"
"02009867","КОМУНАЛЬНЕ НЕКОМЕРЦІЙНЕ ПІДПРИЄМСТВО ""ХЕРСОНСЬКА ОБЛАСНА КЛІНІЧНА ЛІКАРНЯ"" ХЕРСОНСЬКОЇ ОБЛАСНОЇ РАДИ","асистент","Сестринська справа","224"
"02009867","КОМУНАЛЬНЕ НЕКОМЕРЦІЙНЕ ПІДПРИЄМСТВО ""ХЕРСОНСЬКА ОБЛАСНА КЛІНІЧНА ЛІКАРНЯ"" ХЕРСОНСЬКОЇ ОБЛАСНОЇ РАДИ","асистент","Акушерська справа","15"
"02009867","КОМУНАЛЬНЕ НЕКОМЕРЦІЙНЕ ПІДПРИЄМСТВО ""ХЕРСОНСЬКА ОБЛАСНА КЛІНІЧНА ЛІКАРНЯ"" ХЕРСОНСЬКОЇ ОБЛАСНОЇ РАДИ","асистент","Сестринська справа (операційна)","42"
"02009867","КОМУНАЛЬНЕ НЕКОМЕРЦІЙНЕ ПІДПРИЄМСТВО ""ХЕРСОНСЬКА ОБЛАСНА КЛІНІЧНА ЛІКАРНЯ"" ХЕРСОНСЬКОЇ ОБЛАСНОЇ РАДИ","асистент","Лабораторна справа (патологія)","5"
"02009867","КОМУНАЛЬНЕ НЕКОМЕРЦІЙНЕ ПІДПРИЄМСТВО ""ХЕРСОНСЬКА ОБЛАСНА КЛІНІЧНА ЛІКАРНЯ"" ХЕРСОНСЬКОЇ ОБЛАСНОЇ РАДИ","асистент","Фізична терапія","1"
"02009867","КОМУНАЛЬНЕ НЕКОМЕРЦІЙНЕ ПІДПРИЄМСТВО ""ХЕРСОНСЬКА ОБЛАСНА КЛІНІЧНА ЛІКАРНЯ"" ХЕРСОНСЬКОЇ ОБЛАСНОЇ РАДИ","асистент","Рентгенологія","15"
"02009867","КОМУНАЛЬНЕ НЕКОМЕРЦІЙНЕ ПІДПРИЄМСТВО ""ХЕРСОНСЬКА ОБЛАСНА КЛІНІЧНА ЛІКАРНЯ"" ХЕРСОНСЬКОЇ ОБЛАСНОЇ РАДИ","відділ кадрів",NULL,"2"
"02009867","КОМУНАЛЬНЕ НЕКОМЕРЦІЙНЕ ПІДПРИЄМСТВО ""ХЕРСОНСЬКА ОБЛАСНА КЛІНІЧНА ЛІКАРНЯ"" ХЕРСОНСЬКОЇ ОБЛАСНОЇ РАДИ","Лаборант","Бактеріологія","1"
"02009867","КОМУНАЛЬНЕ НЕКОМЕРЦІЙНЕ ПІДПРИЄМСТВО ""ХЕРСОНСЬКА ОБЛАСНА КЛІНІЧНА ЛІКАРНЯ"" ХЕРСОНСЬКОЇ ОБЛАСНОЇ РАДИ","Лаборант","Клінічна біохімія","1"
"02009867","КОМУНАЛЬНЕ НЕКОМЕРЦІЙНЕ ПІДПРИЄМСТВО ""ХЕРСОНСЬКА ОБЛАСНА КЛІНІЧНА ЛІКАРНЯ"" ХЕРСОНСЬКОЇ ОБЛАСНОЇ РАДИ","Лаборант","Клінічна лабораторна діагностика","1"
"02009867","КОМУНАЛЬНЕ НЕКОМЕРЦІЙНЕ ПІДПРИЄМСТВО ""ХЕРСОНСЬКА ОБЛАСНА КЛІНІЧНА ЛІКАРНЯ"" ХЕРСОНСЬКОЇ ОБЛАСНОЇ РАДИ","Лаборант","Лабораторна справа (клініка)","2"
"02009867","КОМУНАЛЬНЕ НЕКОМЕРЦІЙНЕ ПІДПРИЄМСТВО ""ХЕРСОНСЬКА ОБЛАСНА КЛІНІЧНА ЛІКАРНЯ"" ХЕРСОНСЬКОЇ ОБЛАСНОЇ РАДИ","Лаборант","Лабораторна справа (гігієна)","1"
"02009867","КОМУНАЛЬНЕ НЕКОМЕРЦІЙНЕ ПІДПРИЄМСТВО ""ХЕРСОНСЬКА ОБЛАСНА КЛІНІЧНА ЛІКАРНЯ"" ХЕРСОНСЬКОЇ ОБЛАСНОЇ РАДИ","Лаборант","Лабораторна справа (патологія)","1"
"02009867","КОМУНАЛЬНЕ НЕКОМЕРЦІЙНЕ ПІДПРИЄМСТВО ""ХЕРСОНСЬКА ОБЛАСНА КЛІНІЧНА ЛІКАРНЯ"" ХЕРСОНСЬКОЇ ОБЛАСНОЇ РАДИ","керівник закладу ОЗ",NULL,"1"
"02009867","КОМУНАЛЬНЕ НЕКОМЕРЦІЙНЕ ПІДПРИЄМСТВО ""ХЕРСОНСЬКА ОБЛАСНА КЛІНІЧНА ЛІКАРНЯ"" ХЕРСОНСЬКОЇ ОБЛАСНОЇ РАДИ","працівник реєстратури",NULL,"9"
"02009867","КОМУНАЛЬНЕ НЕКОМЕРЦІЙНЕ ПІДПРИЄМСТВО ""ХЕРСОНСЬКА ОБЛАСНА КЛІНІЧНА ЛІКАРНЯ"" ХЕРСОНСЬКОЇ ОБЛАСНОЇ РАДИ","спеціаліст","Алергологія","1"
"02009867","КОМУНАЛЬНЕ НЕКОМЕРЦІЙНЕ ПІДПРИЄМСТВО ""ХЕРСОНСЬКА ОБЛАСНА КЛІНІЧНА ЛІКАРНЯ"" ХЕРСОНСЬКОЇ ОБЛАСНОЇ РАДИ","спеціаліст","Анестезіологія","28"
"02009867","КОМУНАЛЬНЕ НЕКОМЕРЦІЙНЕ ПІДПРИЄМСТВО ""ХЕРСОНСЬКА ОБЛАСНА КЛІНІЧНА ЛІКАРНЯ"" ХЕРСОНСЬКОЇ ОБЛАСНОЇ РАДИ","спеціаліст","Сурдологія","1"
"02009867","КОМУНАЛЬНЕ НЕКОМЕРЦІЙНЕ ПІДПРИЄМСТВО ""ХЕРСОНСЬКА ОБЛАСНА КЛІНІЧНА ЛІКАРНЯ"" ХЕРСОНСЬКОЇ ОБЛАСНОЇ РАДИ","спеціаліст","Бактеріологія","1"
"02009867","КОМУНАЛЬНЕ НЕКОМЕРЦІЙНЕ ПІДПРИЄМСТВО ""ХЕРСОНСЬКА ОБЛАСНА КЛІНІЧНА ЛІКАРНЯ"" ХЕРСОНСЬКОЇ ОБЛАСНОЇ РАДИ","спеціаліст","Кардіологія","12"
"02009867","КОМУНАЛЬНЕ НЕКОМЕРЦІЙНЕ ПІДПРИЄМСТВО ""ХЕРСОНСЬКА ОБЛАСНА КЛІНІЧНА ЛІКАРНЯ"" ХЕРСОНСЬКОЇ ОБЛАСНОЇ РАДИ","спеціаліст","Хірургія серця та магістральних судин","3"
"02009867","КОМУНАЛЬНЕ НЕКОМЕРЦІЙНЕ ПІДПРИЄМСТВО ""ХЕРСОНСЬКА ОБЛАСНА КЛІНІЧНА ЛІКАРНЯ"" ХЕРСОНСЬКОЇ ОБЛАСНОЇ РАДИ","спеціаліст","Клінічна лабораторна діагностика","11"
"02009867","КОМУНАЛЬНЕ НЕКОМЕРЦІЙНЕ ПІДПРИЄМСТВО ""ХЕРСОНСЬКА ОБЛАСНА КЛІНІЧНА ЛІКАРНЯ"" ХЕРСОНСЬКОЇ ОБЛАСНОЇ РАДИ","спеціаліст","Комбустіологія","4"
"02009867","КОМУНАЛЬНЕ НЕКОМЕРЦІЙНЕ ПІДПРИЄМСТВО ""ХЕРСОНСЬКА ОБЛАСНА КЛІНІЧНА ЛІКАРНЯ"" ХЕРСОНСЬКОЇ ОБЛАСНОЇ РАДИ","спеціаліст","Дерматовенерологія","1"
"02009867","КОМУНАЛЬНЕ НЕКОМЕРЦІЙНЕ ПІДПРИЄМСТВО ""ХЕРСОНСЬКА ОБЛАСНА КЛІНІЧНА ЛІКАРНЯ"" ХЕРСОНСЬКОЇ ОБЛАСНОЇ РАДИ","спеціаліст","Медицина невідкладних станів","2"
"02009867","КОМУНАЛЬНЕ НЕКОМЕРЦІЙНЕ ПІДПРИЄМСТВО ""ХЕРСОНСЬКА ОБЛАСНА КЛІНІЧНА ЛІКАРНЯ"" ХЕРСОНСЬКОЇ ОБЛАСНОЇ РАДИ","спеціаліст","Ендокринологія","7"
"02009867","КОМУНАЛЬНЕ НЕКОМЕРЦІЙНЕ ПІДПРИЄМСТВО ""ХЕРСОНСЬКА ОБЛАСНА КЛІНІЧНА ЛІКАРНЯ"" ХЕРСОНСЬКОЇ ОБЛАСНОЇ РАДИ","спеціаліст","Ендоскопія","6"
"02009867","КОМУНАЛЬНЕ НЕКОМЕРЦІЙНЕ ПІДПРИЄМСТВО ""ХЕРСОНСЬКА ОБЛАСНА КЛІНІЧНА ЛІКАРНЯ"" ХЕРСОНСЬКОЇ ОБЛАСНОЇ РАДИ","спеціаліст","Епідеміологія","2"
"02009867","КОМУНАЛЬНЕ НЕКОМЕРЦІЙНЕ ПІДПРИЄМСТВО ""ХЕРСОНСЬКА ОБЛАСНА КЛІНІЧНА ЛІКАРНЯ"" ХЕРСОНСЬКОЇ ОБЛАСНОЇ РАДИ","спеціаліст","Ерготерапія","2"
"02009867","КОМУНАЛЬНЕ НЕКОМЕРЦІЙНЕ ПІДПРИЄМСТВО ""ХЕРСОНСЬКА ОБЛАСНА КЛІНІЧНА ЛІКАРНЯ"" ХЕРСОНСЬКОЇ ОБЛАСНОЇ РАДИ","спеціаліст","Функціональна діагностика","3"
"02009867","КОМУНАЛЬНЕ НЕКОМЕРЦІЙНЕ ПІДПРИЄМСТВО ""ХЕРСОНСЬКА ОБЛАСНА КЛІНІЧНА ЛІКАРНЯ"" ХЕРСОНСЬКОЇ ОБЛАСНОЇ РАДИ","спеціаліст","Гастроентерологія","2"
"02009867","КОМУНАЛЬНЕ НЕКОМЕРЦІЙНЕ ПІДПРИЄМСТВО ""ХЕРСОНСЬКА ОБЛАСНА КЛІНІЧНА ЛІКАРНЯ"" ХЕРСОНСЬКОЇ ОБЛАСНОЇ РАДИ","спеціаліст","Гематологія","3"
"02009867","КОМУНАЛЬНЕ НЕКОМЕРЦІЙНЕ ПІДПРИЄМСТВО ""ХЕРСОНСЬКА ОБЛАСНА КЛІНІЧНА ЛІКАРНЯ"" ХЕРСОНСЬКОЇ ОБЛАСНОЇ РАДИ","спеціаліст","Хірургія","15"
"02009867","КОМУНАЛЬНЕ НЕКОМЕРЦІЙНЕ ПІДПРИЄМСТВО ""ХЕРСОНСЬКА ОБЛАСНА КЛІНІЧНА ЛІКАРНЯ"" ХЕРСОНСЬКОЇ ОБЛАСНОЇ РАДИ","спеціаліст","Онкогінекологія","1"
"02009867","КОМУНАЛЬНЕ НЕКОМЕРЦІЙНЕ ПІДПРИЄМСТВО ""ХЕРСОНСЬКА ОБЛАСНА КЛІНІЧНА ЛІКАРНЯ"" ХЕРСОНСЬКОЇ ОБЛАСНОЇ РАДИ","спеціаліст","Лабораторна імунологія","1"
"02009867","КОМУНАЛЬНЕ НЕКОМЕРЦІЙНЕ ПІДПРИЄМСТВО ""ХЕРСОНСЬКА ОБЛАСНА КЛІНІЧНА ЛІКАРНЯ"" ХЕРСОНСЬКОЇ ОБЛАСНОЇ РАДИ","спеціаліст","Генетика медична","2"
"02009867","КОМУНАЛЬНЕ НЕКОМЕРЦІЙНЕ ПІДПРИЄМСТВО ""ХЕРСОНСЬКА ОБЛАСНА КЛІНІЧНА ЛІКАРНЯ"" ХЕРСОНСЬКОЇ ОБЛАСНОЇ РАДИ","спеціаліст","Неонатологія","4"
"02009867","КОМУНАЛЬНЕ НЕКОМЕРЦІЙНЕ ПІДПРИЄМСТВО ""ХЕРСОНСЬКА ОБЛАСНА КЛІНІЧНА ЛІКАРНЯ"" ХЕРСОНСЬКОЇ ОБЛАСНОЇ РАДИ","спеціаліст","Нефрологія","10"
"02009867","КОМУНАЛЬНЕ НЕКОМЕРЦІЙНЕ ПІДПРИЄМСТВО ""ХЕРСОНСЬКА ОБЛАСНА КЛІНІЧНА ЛІКАРНЯ"" ХЕРСОНСЬКОЇ ОБЛАСНОЇ РАДИ","спеціаліст","Неврологія","4"
"02009867","КОМУНАЛЬНЕ НЕКОМЕРЦІЙНЕ ПІДПРИЄМСТВО ""ХЕРСОНСЬКА ОБЛАСНА КЛІНІЧНА ЛІКАРНЯ"" ХЕРСОНСЬКОЇ ОБЛАСНОЇ РАДИ","спеціаліст","Нейрохірургія","6"
"02009867","КОМУНАЛЬНЕ НЕКОМЕРЦІЙНЕ ПІДПРИЄМСТВО ""ХЕРСОНСЬКА ОБЛАСНА КЛІНІЧНА ЛІКАРНЯ"" ХЕРСОНСЬКОЇ ОБЛАСНОЇ РАДИ","спеціаліст","Акушерство і гінекологія","22"
"02009867","КОМУНАЛЬНЕ НЕКОМЕРЦІЙНЕ ПІДПРИЄМСТВО ""ХЕРСОНСЬКА ОБЛАСНА КЛІНІЧНА ЛІКАРНЯ"" ХЕРСОНСЬКОЇ ОБЛАСНОЇ РАДИ","спеціаліст","Професійна патологія","1"
"02009867","КОМУНАЛЬНЕ НЕКОМЕРЦІЙНЕ ПІДПРИЄМСТВО ""ХЕРСОНСЬКА ОБЛАСНА КЛІНІЧНА ЛІКАРНЯ"" ХЕРСОНСЬКОЇ ОБЛАСНОЇ РАДИ","спеціаліст","Онкологія","1"
"02009867","КОМУНАЛЬНЕ НЕКОМЕРЦІЙНЕ ПІДПРИЄМСТВО ""ХЕРСОНСЬКА ОБЛАСНА КЛІНІЧНА ЛІКАРНЯ"" ХЕРСОНСЬКОЇ ОБЛАСНОЇ РАДИ","спеціаліст","Офтальмологія","7"
"02009867","КОМУНАЛЬНЕ НЕКОМЕРЦІЙНЕ ПІДПРИЄМСТВО ""ХЕРСОНСЬКА ОБЛАСНА КЛІНІЧНА ЛІКАРНЯ"" ХЕРСОНСЬКОЇ ОБЛАСНОЇ РАДИ","спеціаліст","Ортопедія і травматологія","6"
"02009867","КОМУНАЛЬНЕ НЕКОМЕРЦІЙНЕ ПІДПРИЄМСТВО ""ХЕРСОНСЬКА ОБЛАСНА КЛІНІЧНА ЛІКАРНЯ"" ХЕРСОНСЬКОЇ ОБЛАСНОЇ РАДИ","спеціаліст","Отоларингологія","3"
"02009867","КОМУНАЛЬНЕ НЕКОМЕРЦІЙНЕ ПІДПРИЄМСТВО ""ХЕРСОНСЬКА ОБЛАСНА КЛІНІЧНА ЛІКАРНЯ"" ХЕРСОНСЬКОЇ ОБЛАСНОЇ РАДИ","спеціаліст","Патологічна анатомія","2"
"02009867","КОМУНАЛЬНЕ НЕКОМЕРЦІЙНЕ ПІДПРИЄМСТВО ""ХЕРСОНСЬКА ОБЛАСНА КЛІНІЧНА ЛІКАРНЯ"" ХЕРСОНСЬКОЇ ОБЛАСНОЇ РАДИ","спеціаліст","Дитяча анестезіологія","1"
"02009867","КОМУНАЛЬНЕ НЕКОМЕРЦІЙНЕ ПІДПРИЄМСТВО ""ХЕРСОНСЬКА ОБЛАСНА КЛІНІЧНА ЛІКАРНЯ"" ХЕРСОНСЬКОЇ ОБЛАСНОЇ РАДИ","спеціаліст","Дитяча гінекологія","1"
"02009867","КОМУНАЛЬНЕ НЕКОМЕРЦІЙНЕ ПІДПРИЄМСТВО ""ХЕРСОНСЬКА ОБЛАСНА КЛІНІЧНА ЛІКАРНЯ"" ХЕРСОНСЬКОЇ ОБЛАСНОЇ РАДИ","спеціаліст","Фізична та реабілітаційна медицина","4"
"02009867","КОМУНАЛЬНЕ НЕКОМЕРЦІЙНЕ ПІДПРИЄМСТВО ""ХЕРСОНСЬКА ОБЛАСНА КЛІНІЧНА ЛІКАРНЯ"" ХЕРСОНСЬКОЇ ОБЛАСНОЇ РАДИ","спеціаліст","Фізична терапія","1"
"02009867","КОМУНАЛЬНЕ НЕКОМЕРЦІЙНЕ ПІДПРИЄМСТВО ""ХЕРСОНСЬКА ОБЛАСНА КЛІНІЧНА ЛІКАРНЯ"" ХЕРСОНСЬКОЇ ОБЛАСНОЇ РАДИ","спеціаліст","Фізіотерапія","3"
"02009867","КОМУНАЛЬНЕ НЕКОМЕРЦІЙНЕ ПІДПРИЄМСТВО ""ХЕРСОНСЬКА ОБЛАСНА КЛІНІЧНА ЛІКАРНЯ"" ХЕРСОНСЬКОЇ ОБЛАСНОЇ РАДИ","спеціаліст","Проктологія","3"
"02009867","КОМУНАЛЬНЕ НЕКОМЕРЦІЙНЕ ПІДПРИЄМСТВО ""ХЕРСОНСЬКА ОБЛАСНА КЛІНІЧНА ЛІКАРНЯ"" ХЕРСОНСЬКОЇ ОБЛАСНОЇ РАДИ","спеціаліст","Психіатрія","1"
"02009867","КОМУНАЛЬНЕ НЕКОМЕРЦІЙНЕ ПІДПРИЄМСТВО ""ХЕРСОНСЬКА ОБЛАСНА КЛІНІЧНА ЛІКАРНЯ"" ХЕРСОНСЬКОЇ ОБЛАСНОЇ РАДИ","спеціаліст","Організація і управління охороною здоров'я","4"
"02009867","КОМУНАЛЬНЕ НЕКОМЕРЦІЙНЕ ПІДПРИЄМСТВО ""ХЕРСОНСЬКА ОБЛАСНА КЛІНІЧНА ЛІКАРНЯ"" ХЕРСОНСЬКОЇ ОБЛАСНОЇ РАДИ","спеціаліст","Пульмонологія","3"
"02009867","КОМУНАЛЬНЕ НЕКОМЕРЦІЙНЕ ПІДПРИЄМСТВО ""ХЕРСОНСЬКА ОБЛАСНА КЛІНІЧНА ЛІКАРНЯ"" ХЕРСОНСЬКОЇ ОБЛАСНОЇ РАДИ","спеціаліст","Ревматологія","2"
"02009867","КОМУНАЛЬНЕ НЕКОМЕРЦІЙНЕ ПІДПРИЄМСТВО ""ХЕРСОНСЬКА ОБЛАСНА КЛІНІЧНА ЛІКАРНЯ"" ХЕРСОНСЬКОЇ ОБЛАСНОЇ РАДИ","спеціаліст","Стоматологія","1"
"02009867","КОМУНАЛЬНЕ НЕКОМЕРЦІЙНЕ ПІДПРИЄМСТВО ""ХЕРСОНСЬКА ОБЛАСНА КЛІНІЧНА ЛІКАРНЯ"" ХЕРСОНСЬКОЇ ОБЛАСНОЇ РАДИ","спеціаліст","Хірургічна стоматологія","6"
"02009867","КОМУНАЛЬНЕ НЕКОМЕРЦІЙНЕ ПІДПРИЄМСТВО ""ХЕРСОНСЬКА ОБЛАСНА КЛІНІЧНА ЛІКАРНЯ"" ХЕРСОНСЬКОЇ ОБЛАСНОЇ РАДИ","спеціаліст","Онкохірургія","3"
"02009867","КОМУНАЛЬНЕ НЕКОМЕРЦІЙНЕ ПІДПРИЄМСТВО ""ХЕРСОНСЬКА ОБЛАСНА КЛІНІЧНА ЛІКАРНЯ"" ХЕРСОНСЬКОЇ ОБЛАСНОЇ РАДИ","спеціаліст","Терапія","4"
"02009867","КОМУНАЛЬНЕ НЕКОМЕРЦІЙНЕ ПІДПРИЄМСТВО ""ХЕРСОНСЬКА ОБЛАСНА КЛІНІЧНА ЛІКАРНЯ"" ХЕРСОНСЬКОЇ ОБЛАСНОЇ РАДИ","спеціаліст","Ультразвукова діагностика","10"
"02009867","КОМУНАЛЬНЕ НЕКОМЕРЦІЙНЕ ПІДПРИЄМСТВО ""ХЕРСОНСЬКА ОБЛАСНА КЛІНІЧНА ЛІКАРНЯ"" ХЕРСОНСЬКОЇ ОБЛАСНОЇ РАДИ","спеціаліст","Урологія","7"
"02009867","КОМУНАЛЬНЕ НЕКОМЕРЦІЙНЕ ПІДПРИЄМСТВО ""ХЕРСОНСЬКА ОБЛАСНА КЛІНІЧНА ЛІКАРНЯ"" ХЕРСОНСЬКОЇ ОБЛАСНОЇ РАДИ","спеціаліст","Судинна хірургія","4"
"02009867","КОМУНАЛЬНЕ НЕКОМЕРЦІЙНЕ ПІДПРИЄМСТВО ""ХЕРСОНСЬКА ОБЛАСНА КЛІНІЧНА ЛІКАРНЯ"" ХЕРСОНСЬКОЇ ОБЛАСНОЇ РАДИ","спеціаліст","Рентгенологія","10"
"05498677","КОМУНАЛЬНЕ НЕКОМЕРЦІЙНЕ ПІДПРИЄМСТВО ""МІСЬКА ЛІКАРНЯ ЕКСТРЕНОЇ ТА ШВИДКОЇ МЕДИЧНОЇ ДОПОМОГИ"" ЗАПОРІЗЬКОЇ МІСЬКОЇ РАДИ","асистент","Лабораторна справа (клініка)","36"
"05498677","КОМУНАЛЬНЕ НЕКОМЕРЦІЙНЕ ПІДПРИЄМСТВО ""МІСЬКА ЛІКАРНЯ ЕКСТРЕНОЇ ТА ШВИДКОЇ МЕДИЧНОЇ ДОПОМОГИ"" ЗАПОРІЗЬКОЇ МІСЬКОЇ РАДИ","асистент","Ерготерапія","2"
"05498677","КОМУНАЛЬНЕ НЕКОМЕРЦІЙНЕ ПІДПРИЄМСТВО ""МІСЬКА ЛІКАРНЯ ЕКСТРЕНОЇ ТА ШВИДКОЇ МЕДИЧНОЇ ДОПОМОГИ"" ЗАПОРІЗЬКОЇ МІСЬКОЇ РАДИ","асистент","Лікувальна справа","16"
"05498677","КОМУНАЛЬНЕ НЕКОМЕРЦІЙНЕ ПІДПРИЄМСТВО ""МІСЬКА ЛІКАРНЯ ЕКСТРЕНОЇ ТА ШВИДКОЇ МЕДИЧНОЇ ДОПОМОГИ"" ЗАПОРІЗЬКОЇ МІСЬКОЇ РАДИ","асистент","Медична статистика","2"
"05498677","КОМУНАЛЬНЕ НЕКОМЕРЦІЙНЕ ПІДПРИЄМСТВО ""МІСЬКА ЛІКАРНЯ ЕКСТРЕНОЇ ТА ШВИДКОЇ МЕДИЧНОЇ ДОПОМОГИ"" ЗАПОРІЗЬКОЇ МІСЬКОЇ РАДИ","асистент","Сестринська справа","161"
"05498677","КОМУНАЛЬНЕ НЕКОМЕРЦІЙНЕ ПІДПРИЄМСТВО ""МІСЬКА ЛІКАРНЯ ЕКСТРЕНОЇ ТА ШВИДКОЇ МЕДИЧНОЇ ДОПОМОГИ"" ЗАПОРІЗЬКОЇ МІСЬКОЇ РАДИ","асистент","Сестринська справа (операційна)","49"
"05498677","КОМУНАЛЬНЕ НЕКОМЕРЦІЙНЕ ПІДПРИЄМСТВО ""МІСЬКА ЛІКАРНЯ ЕКСТРЕНОЇ ТА ШВИДКОЇ МЕДИЧНОЇ ДОПОМОГИ"" ЗАПОРІЗЬКОЇ МІСЬКОЇ РАДИ","асистент","Фізична терапія","11"
"05498677","КОМУНАЛЬНЕ НЕКОМЕРЦІЙНЕ ПІДПРИЄМСТВО ""МІСЬКА ЛІКАРНЯ ЕКСТРЕНОЇ ТА ШВИДКОЇ МЕДИЧНОЇ ДОПОМОГИ"" ЗАПОРІЗЬКОЇ МІСЬКОЇ РАДИ","асистент","Рентгенологія","10"
"05498677","КОМУНАЛЬНЕ НЕКОМЕРЦІЙНЕ ПІДПРИЄМСТВО ""МІСЬКА ЛІКАРНЯ ЕКСТРЕНОЇ ТА ШВИДКОЇ МЕДИЧНОЇ ДОПОМОГИ"" ЗАПОРІЗЬКОЇ МІСЬКОЇ РАДИ","відділ кадрів",NULL,"2"
"05498677","КОМУНАЛЬНЕ НЕКОМЕРЦІЙНЕ ПІДПРИЄМСТВО ""МІСЬКА ЛІКАРНЯ ЕКСТРЕНОЇ ТА ШВИДКОЇ МЕДИЧНОЇ ДОПОМОГИ"" ЗАПОРІЗЬКОЇ МІСЬКОЇ РАДИ","Виконуючий функції адміністрування медичних записів","Організація і управління охороною здоров'я","1"
"05498677","КОМУНАЛЬНЕ НЕКОМЕРЦІЙНЕ ПІДПРИЄМСТВО ""МІСЬКА ЛІКАРНЯ ЕКСТРЕНОЇ ТА ШВИДКОЇ МЕДИЧНОЇ ДОПОМОГИ"" ЗАПОРІЗЬКОЇ МІСЬКОЇ РАДИ","Медичний координатор","Трансплантологія","4"
"05498677","КОМУНАЛЬНЕ НЕКОМЕРЦІЙНЕ ПІДПРИЄМСТВО ""МІСЬКА ЛІКАРНЯ ЕКСТРЕНОЇ ТА ШВИДКОЇ МЕДИЧНОЇ ДОПОМОГИ"" ЗАПОРІЗЬКОЇ МІСЬКОЇ РАДИ","керівник закладу ОЗ",NULL,"1"
"05498677","КОМУНАЛЬНЕ НЕКОМЕРЦІЙНЕ ПІДПРИЄМСТВО ""МІСЬКА ЛІКАРНЯ ЕКСТРЕНОЇ ТА ШВИДКОЇ МЕДИЧНОЇ ДОПОМОГИ"" ЗАПОРІЗЬКОЇ МІСЬКОЇ РАДИ","спеціаліст","Анестезіологія","67"
"05498677","КОМУНАЛЬНЕ НЕКОМЕРЦІЙНЕ ПІДПРИЄМСТВО ""МІСЬКА ЛІКАРНЯ ЕКСТРЕНОЇ ТА ШВИДКОЇ МЕДИЧНОЇ ДОПОМОГИ"" ЗАПОРІЗЬКОЇ МІСЬКОЇ РАДИ","спеціаліст","Бактеріологія","4"
"05498677","КОМУНАЛЬНЕ НЕКОМЕРЦІЙНЕ ПІДПРИЄМСТВО ""МІСЬКА ЛІКАРНЯ ЕКСТРЕНОЇ ТА ШВИДКОЇ МЕДИЧНОЇ ДОПОМОГИ"" ЗАПОРІЗЬКОЇ МІСЬКОЇ РАДИ","спеціаліст","Кардіологія","12"
"05498677","КОМУНАЛЬНЕ НЕКОМЕРЦІЙНЕ ПІДПРИЄМСТВО ""МІСЬКА ЛІКАРНЯ ЕКСТРЕНОЇ ТА ШВИДКОЇ МЕДИЧНОЇ ДОПОМОГИ"" ЗАПОРІЗЬКОЇ МІСЬКОЇ РАДИ","спеціаліст","Хірургія серця та магістральних судин","1"
"05498677","КОМУНАЛЬНЕ НЕКОМЕРЦІЙНЕ ПІДПРИЄМСТВО ""МІСЬКА ЛІКАРНЯ ЕКСТРЕНОЇ ТА ШВИДКОЇ МЕДИЧНОЇ ДОПОМОГИ"" ЗАПОРІЗЬКОЇ МІСЬКОЇ РАДИ","спеціаліст","Клінічна біохімія","2"
"05498677","КОМУНАЛЬНЕ НЕКОМЕРЦІЙНЕ ПІДПРИЄМСТВО ""МІСЬКА ЛІКАРНЯ ЕКСТРЕНОЇ ТА ШВИДКОЇ МЕДИЧНОЇ ДОПОМОГИ"" ЗАПОРІЗЬКОЇ МІСЬКОЇ РАДИ","спеціаліст","Клінічна лабораторна діагностика","16"
"05498677","КОМУНАЛЬНЕ НЕКОМЕРЦІЙНЕ ПІДПРИЄМСТВО ""МІСЬКА ЛІКАРНЯ ЕКСТРЕНОЇ ТА ШВИДКОЇ МЕДИЧНОЇ ДОПОМОГИ"" ЗАПОРІЗЬКОЇ МІСЬКОЇ РАДИ","спеціаліст","Комбустіологія","7"
"05498677","КОМУНАЛЬНЕ НЕКОМЕРЦІЙНЕ ПІДПРИЄМСТВО ""МІСЬКА ЛІКАРНЯ ЕКСТРЕНОЇ ТА ШВИДКОЇ МЕДИЧНОЇ ДОПОМОГИ"" ЗАПОРІЗЬКОЇ МІСЬКОЇ РАДИ","спеціаліст","Дерматовенерологія","1"
"05498677","КОМУНАЛЬНЕ НЕКОМЕРЦІЙНЕ ПІДПРИЄМСТВО ""МІСЬКА ЛІКАРНЯ ЕКСТРЕНОЇ ТА ШВИДКОЇ МЕДИЧНОЇ ДОПОМОГИ"" ЗАПОРІЗЬКОЇ МІСЬКОЇ РАДИ","спеціаліст","Дієтологія","1"
"05498677","КОМУНАЛЬНЕ НЕКОМЕРЦІЙНЕ ПІДПРИЄМСТВО ""МІСЬКА ЛІКАРНЯ ЕКСТРЕНОЇ ТА ШВИДКОЇ МЕДИЧНОЇ ДОПОМОГИ"" ЗАПОРІЗЬКОЇ МІСЬКОЇ РАДИ","спеціаліст","Медицина невідкладних станів","3"
"05498677","КОМУНАЛЬНЕ НЕКОМЕРЦІЙНЕ ПІДПРИЄМСТВО ""МІСЬКА ЛІКАРНЯ ЕКСТРЕНОЇ ТА ШВИДКОЇ МЕДИЧНОЇ ДОПОМОГИ"" ЗАПОРІЗЬКОЇ МІСЬКОЇ РАДИ","спеціаліст","Ендокринологія","1"
"05498677","КОМУНАЛЬНЕ НЕКОМЕРЦІЙНЕ ПІДПРИЄМСТВО ""МІСЬКА ЛІКАРНЯ ЕКСТРЕНОЇ ТА ШВИДКОЇ МЕДИЧНОЇ ДОПОМОГИ"" ЗАПОРІЗЬКОЇ МІСЬКОЇ РАДИ","спеціаліст","Ендоскопія","7"
"05498677","КОМУНАЛЬНЕ НЕКОМЕРЦІЙНЕ ПІДПРИЄМСТВО ""МІСЬКА ЛІКАРНЯ ЕКСТРЕНОЇ ТА ШВИДКОЇ МЕДИЧНОЇ ДОПОМОГИ"" ЗАПОРІЗЬКОЇ МІСЬКОЇ РАДИ","спеціаліст","Епідеміологія","2"
"05498677","КОМУНАЛЬНЕ НЕКОМЕРЦІЙНЕ ПІДПРИЄМСТВО ""МІСЬКА ЛІКАРНЯ ЕКСТРЕНОЇ ТА ШВИДКОЇ МЕДИЧНОЇ ДОПОМОГИ"" ЗАПОРІЗЬКОЇ МІСЬКОЇ РАДИ","спеціаліст","Ерготерапія","5"
"05498677","КОМУНАЛЬНЕ НЕКОМЕРЦІЙНЕ ПІДПРИЄМСТВО ""МІСЬКА ЛІКАРНЯ ЕКСТРЕНОЇ ТА ШВИДКОЇ МЕДИЧНОЇ ДОПОМОГИ"" ЗАПОРІЗЬКОЇ МІСЬКОЇ РАДИ","спеціаліст","Функціональна діагностика","1"
"05498677","КОМУНАЛЬНЕ НЕКОМЕРЦІЙНЕ ПІДПРИЄМСТВО ""МІСЬКА ЛІКАРНЯ ЕКСТРЕНОЇ ТА ШВИДКОЇ МЕДИЧНОЇ ДОПОМОГИ"" ЗАПОРІЗЬКОЇ МІСЬКОЇ РАДИ","спеціаліст","Гастроентерологія","1"
"05498677","КОМУНАЛЬНЕ НЕКОМЕРЦІЙНЕ ПІДПРИЄМСТВО ""МІСЬКА ЛІКАРНЯ ЕКСТРЕНОЇ ТА ШВИДКОЇ МЕДИЧНОЇ ДОПОМОГИ"" ЗАПОРІЗЬКОЇ МІСЬКОЇ РАДИ","спеціаліст","Хірургія","37"
"05498677","КОМУНАЛЬНЕ НЕКОМЕРЦІЙНЕ ПІДПРИЄМСТВО ""МІСЬКА ЛІКАРНЯ ЕКСТРЕНОЇ ТА ШВИДКОЇ МЕДИЧНОЇ ДОПОМОГИ"" ЗАПОРІЗЬКОЇ МІСЬКОЇ РАДИ","спеціаліст","Інфекційні хвороби","1"
"05498677","КОМУНАЛЬНЕ НЕКОМЕРЦІЙНЕ ПІДПРИЄМСТВО ""МІСЬКА ЛІКАРНЯ ЕКСТРЕНОЇ ТА ШВИДКОЇ МЕДИЧНОЇ ДОПОМОГИ"" ЗАПОРІЗЬКОЇ МІСЬКОЇ РАДИ","спеціаліст","Інтервенційна кардіологія","3"
"05498677","КОМУНАЛЬНЕ НЕКОМЕРЦІЙНЕ ПІДПРИЄМСТВО ""МІСЬКА ЛІКАРНЯ ЕКСТРЕНОЇ ТА ШВИДКОЇ МЕДИЧНОЇ ДОПОМОГИ"" ЗАПОРІЗЬКОЇ МІСЬКОЇ РАДИ","спеціаліст","Лабораторна імунологія","1"
"05498677","КОМУНАЛЬНЕ НЕКОМЕРЦІЙНЕ ПІДПРИЄМСТВО ""МІСЬКА ЛІКАРНЯ ЕКСТРЕНОЇ ТА ШВИДКОЇ МЕДИЧНОЇ ДОПОМОГИ"" ЗАПОРІЗЬКОЇ МІСЬКОЇ РАДИ","спеціаліст","Нефрологія","2"
"05498677","КОМУНАЛЬНЕ НЕКОМЕРЦІЙНЕ ПІДПРИЄМСТВО ""МІСЬКА ЛІКАРНЯ ЕКСТРЕНОЇ ТА ШВИДКОЇ МЕДИЧНОЇ ДОПОМОГИ"" ЗАПОРІЗЬКОЇ МІСЬКОЇ РАДИ","спеціаліст","Неврологія","7"
"05498677","КОМУНАЛЬНЕ НЕКОМЕРЦІЙНЕ ПІДПРИЄМСТВО ""МІСЬКА ЛІКАРНЯ ЕКСТРЕНОЇ ТА ШВИДКОЇ МЕДИЧНОЇ ДОПОМОГИ"" ЗАПОРІЗЬКОЇ МІСЬКОЇ РАДИ","спеціаліст","Нейрохірургія","7"
"05498677","КОМУНАЛЬНЕ НЕКОМЕРЦІЙНЕ ПІДПРИЄМСТВО ""МІСЬКА ЛІКАРНЯ ЕКСТРЕНОЇ ТА ШВИДКОЇ МЕДИЧНОЇ ДОПОМОГИ"" ЗАПОРІЗЬКОЇ МІСЬКОЇ РАДИ","спеціаліст","Акушерство і гінекологія","4"
"05498677","КОМУНАЛЬНЕ НЕКОМЕРЦІЙНЕ ПІДПРИЄМСТВО ""МІСЬКА ЛІКАРНЯ ЕКСТРЕНОЇ ТА ШВИДКОЇ МЕДИЧНОЇ ДОПОМОГИ"" ЗАПОРІЗЬКОЇ МІСЬКОЇ РАДИ","спеціаліст","Професійна патологія","1"
"05498677","КОМУНАЛЬНЕ НЕКОМЕРЦІЙНЕ ПІДПРИЄМСТВО ""МІСЬКА ЛІКАРНЯ ЕКСТРЕНОЇ ТА ШВИДКОЇ МЕДИЧНОЇ ДОПОМОГИ"" ЗАПОРІЗЬКОЇ МІСЬКОЇ РАДИ","спеціаліст","Онкологія","2"
"05498677","КОМУНАЛЬНЕ НЕКОМЕРЦІЙНЕ ПІДПРИЄМСТВО ""МІСЬКА ЛІКАРНЯ ЕКСТРЕНОЇ ТА ШВИДКОЇ МЕДИЧНОЇ ДОПОМОГИ"" ЗАПОРІЗЬКОЇ МІСЬКОЇ РАДИ","спеціаліст","Офтальмологія","2"
"05498677","КОМУНАЛЬНЕ НЕКОМЕРЦІЙНЕ ПІДПРИЄМСТВО ""МІСЬКА ЛІКАРНЯ ЕКСТРЕНОЇ ТА ШВИДКОЇ МЕДИЧНОЇ ДОПОМОГИ"" ЗАПОРІЗЬКОЇ МІСЬКОЇ РАДИ","спеціаліст","Ортопедія і травматологія","21"
"05498677","КОМУНАЛЬНЕ НЕКОМЕРЦІЙНЕ ПІДПРИЄМСТВО ""МІСЬКА ЛІКАРНЯ ЕКСТРЕНОЇ ТА ШВИДКОЇ МЕДИЧНОЇ ДОПОМОГИ"" ЗАПОРІЗЬКОЇ МІСЬКОЇ РАДИ","спеціаліст","Отоларингологія","4"
"05498677","КОМУНАЛЬНЕ НЕКОМЕРЦІЙНЕ ПІДПРИЄМСТВО ""МІСЬКА ЛІКАРНЯ ЕКСТРЕНОЇ ТА ШВИДКОЇ МЕДИЧНОЇ ДОПОМОГИ"" ЗАПОРІЗЬКОЇ МІСЬКОЇ РАДИ","спеціаліст","Дитяча анестезіологія","1"
"05498677","КОМУНАЛЬНЕ НЕКОМЕРЦІЙНЕ ПІДПРИЄМСТВО ""МІСЬКА ЛІКАРНЯ ЕКСТРЕНОЇ ТА ШВИДКОЇ МЕДИЧНОЇ ДОПОМОГИ"" ЗАПОРІЗЬКОЇ МІСЬКОЇ РАДИ","спеціаліст","Педіатрія","1"
"05498677","КОМУНАЛЬНЕ НЕКОМЕРЦІЙНЕ ПІДПРИЄМСТВО ""МІСЬКА ЛІКАРНЯ ЕКСТРЕНОЇ ТА ШВИДКОЇ МЕДИЧНОЇ ДОПОМОГИ"" ЗАПОРІЗЬКОЇ МІСЬКОЇ РАДИ","спеціаліст","Фтизіатрія","1"
"05498677","КОМУНАЛЬНЕ НЕКОМЕРЦІЙНЕ ПІДПРИЄМСТВО ""МІСЬКА ЛІКАРНЯ ЕКСТРЕНОЇ ТА ШВИДКОЇ МЕДИЧНОЇ ДОПОМОГИ"" ЗАПОРІЗЬКОЇ МІСЬКОЇ РАДИ","спеціаліст","Фізична та реабілітаційна медицина","5"
"05498677","КОМУНАЛЬНЕ НЕКОМЕРЦІЙНЕ ПІДПРИЄМСТВО ""МІСЬКА ЛІКАРНЯ ЕКСТРЕНОЇ ТА ШВИДКОЇ МЕДИЧНОЇ ДОПОМОГИ"" ЗАПОРІЗЬКОЇ МІСЬКОЇ РАДИ","спеціаліст","Фізична терапія","6"
"05498677","КОМУНАЛЬНЕ НЕКОМЕРЦІЙНЕ ПІДПРИЄМСТВО ""МІСЬКА ЛІКАРНЯ ЕКСТРЕНОЇ ТА ШВИДКОЇ МЕДИЧНОЇ ДОПОМОГИ"" ЗАПОРІЗЬКОЇ МІСЬКОЇ РАДИ","спеціаліст","Фізіотерапія","2"
"05498677","КОМУНАЛЬНЕ НЕКОМЕРЦІЙНЕ ПІДПРИЄМСТВО ""МІСЬКА ЛІКАРНЯ ЕКСТРЕНОЇ ТА ШВИДКОЇ МЕДИЧНОЇ ДОПОМОГИ"" ЗАПОРІЗЬКОЇ МІСЬКОЇ РАДИ","спеціаліст","Психіатрія","1"
"05498677","КОМУНАЛЬНЕ НЕКОМЕРЦІЙНЕ ПІДПРИЄМСТВО ""МІСЬКА ЛІКАРНЯ ЕКСТРЕНОЇ ТА ШВИДКОЇ МЕДИЧНОЇ ДОПОМОГИ"" ЗАПОРІЗЬКОЇ МІСЬКОЇ РАДИ","спеціаліст","Психотерапія","2"
"05498677","КОМУНАЛЬНЕ НЕКОМЕРЦІЙНЕ ПІДПРИЄМСТВО ""МІСЬКА ЛІКАРНЯ ЕКСТРЕНОЇ ТА ШВИДКОЇ МЕДИЧНОЇ ДОПОМОГИ"" ЗАПОРІЗЬКОЇ МІСЬКОЇ РАДИ","спеціаліст","Організація і управління охороною здоров'я","2"
"05498677","КОМУНАЛЬНЕ НЕКОМЕРЦІЙНЕ ПІДПРИЄМСТВО ""МІСЬКА ЛІКАРНЯ ЕКСТРЕНОЇ ТА ШВИДКОЇ МЕДИЧНОЇ ДОПОМОГИ"" ЗАПОРІЗЬКОЇ МІСЬКОЇ РАДИ","спеціаліст","Пульмонологія","1"
"05498677","КОМУНАЛЬНЕ НЕКОМЕРЦІЙНЕ ПІДПРИЄМСТВО ""МІСЬКА ЛІКАРНЯ ЕКСТРЕНОЇ ТА ШВИДКОЇ МЕДИЧНОЇ ДОПОМОГИ"" ЗАПОРІЗЬКОЇ МІСЬКОЇ РАДИ","спеціаліст","Променева терапія","4"
"05498677","КОМУНАЛЬНЕ НЕКОМЕРЦІЙНЕ ПІДПРИЄМСТВО ""МІСЬКА ЛІКАРНЯ ЕКСТРЕНОЇ ТА ШВИДКОЇ МЕДИЧНОЇ ДОПОМОГИ"" ЗАПОРІЗЬКОЇ МІСЬКОЇ РАДИ","спеціаліст","Стоматологія","2"
"05498677","КОМУНАЛЬНЕ НЕКОМЕРЦІЙНЕ ПІДПРИЄМСТВО ""МІСЬКА ЛІКАРНЯ ЕКСТРЕНОЇ ТА ШВИДКОЇ МЕДИЧНОЇ ДОПОМОГИ"" ЗАПОРІЗЬКОЇ МІСЬКОЇ РАДИ","спеціаліст","Хірургічна стоматологія","5"
"05498677","КОМУНАЛЬНЕ НЕКОМЕРЦІЙНЕ ПІДПРИЄМСТВО ""МІСЬКА ЛІКАРНЯ ЕКСТРЕНОЇ ТА ШВИДКОЇ МЕДИЧНОЇ ДОПОМОГИ"" ЗАПОРІЗЬКОЇ МІСЬКОЇ РАДИ","спеціаліст","Онкохірургія","4"
"05498677","КОМУНАЛЬНЕ НЕКОМЕРЦІЙНЕ ПІДПРИЄМСТВО ""МІСЬКА ЛІКАРНЯ ЕКСТРЕНОЇ ТА ШВИДКОЇ МЕДИЧНОЇ ДОПОМОГИ"" ЗАПОРІЗЬКОЇ МІСЬКОЇ РАДИ","спеціаліст","Терапія","13"
"05498677","КОМУНАЛЬНЕ НЕКОМЕРЦІЙНЕ ПІДПРИЄМСТВО ""МІСЬКА ЛІКАРНЯ ЕКСТРЕНОЇ ТА ШВИДКОЇ МЕДИЧНОЇ ДОПОМОГИ"" ЗАПОРІЗЬКОЇ МІСЬКОЇ РАДИ","спеціаліст","Торакальна хірургія","7"
"05498677","КОМУНАЛЬНЕ НЕКОМЕРЦІЙНЕ ПІДПРИЄМСТВО ""МІСЬКА ЛІКАРНЯ ЕКСТРЕНОЇ ТА ШВИДКОЇ МЕДИЧНОЇ ДОПОМОГИ"" ЗАПОРІЗЬКОЇ МІСЬКОЇ РАДИ","спеціаліст","Трансфузіологія","1"
"05498677","КОМУНАЛЬНЕ НЕКОМЕРЦІЙНЕ ПІДПРИЄМСТВО ""МІСЬКА ЛІКАРНЯ ЕКСТРЕНОЇ ТА ШВИДКОЇ МЕДИЧНОЇ ДОПОМОГИ"" ЗАПОРІЗЬКОЇ МІСЬКОЇ РАДИ","спеціаліст","Трансплантологія","2"
"05498677","КОМУНАЛЬНЕ НЕКОМЕРЦІЙНЕ ПІДПРИЄМСТВО ""МІСЬКА ЛІКАРНЯ ЕКСТРЕНОЇ ТА ШВИДКОЇ МЕДИЧНОЇ ДОПОМОГИ"" ЗАПОРІЗЬКОЇ МІСЬКОЇ РАДИ","спеціаліст","Ультразвукова діагностика","10"
"05498677","КОМУНАЛЬНЕ НЕКОМЕРЦІЙНЕ ПІДПРИЄМСТВО ""МІСЬКА ЛІКАРНЯ ЕКСТРЕНОЇ ТА ШВИДКОЇ МЕДИЧНОЇ ДОПОМОГИ"" ЗАПОРІЗЬКОЇ МІСЬКОЇ РАДИ","спеціаліст","Урологія","11"
"05498677","КОМУНАЛЬНЕ НЕКОМЕРЦІЙНЕ ПІДПРИЄМСТВО ""МІСЬКА ЛІКАРНЯ ЕКСТРЕНОЇ ТА ШВИДКОЇ МЕДИЧНОЇ ДОПОМОГИ"" ЗАПОРІЗЬКОЇ МІСЬКОЇ РАДИ","спеціаліст","Судинна хірургія","1"
"05498677","КОМУНАЛЬНЕ НЕКОМЕРЦІЙНЕ ПІДПРИЄМСТВО ""МІСЬКА ЛІКАРНЯ ЕКСТРЕНОЇ ТА ШВИДКОЇ МЕДИЧНОЇ ДОПОМОГИ"" ЗАПОРІЗЬКОЇ МІСЬКОЇ РАДИ","спеціаліст","Рентгенологія","17"
"05498694","КОМУНАЛЬНЕ НЕКОМЕРЦІЙНЕ ПІДПРИЄМСТВО ""МІСЬКА ЛІКАРНЯ №9"" ЗАПОРІЗЬКОЇ МІСЬКОЇ РАДИ","адміністратор",NULL,"1"
"05498694","КОМУНАЛЬНЕ НЕКОМЕРЦІЙНЕ ПІДПРИЄМСТВО ""МІСЬКА ЛІКАРНЯ №9"" ЗАПОРІЗЬКОЇ МІСЬКОЇ РАДИ","асистент","Лабораторна справа (клініка)","41"
"05498694","КОМУНАЛЬНЕ НЕКОМЕРЦІЙНЕ ПІДПРИЄМСТВО ""МІСЬКА ЛІКАРНЯ №9"" ЗАПОРІЗЬКОЇ МІСЬКОЇ РАДИ","асистент","Лікувальна справа","65"
"05498694","КОМУНАЛЬНЕ НЕКОМЕРЦІЙНЕ ПІДПРИЄМСТВО ""МІСЬКА ЛІКАРНЯ №9"" ЗАПОРІЗЬКОЇ МІСЬКОЇ РАДИ","асистент","Лабораторна справа (гігієна)","1"
"05498694","КОМУНАЛЬНЕ НЕКОМЕРЦІЙНЕ ПІДПРИЄМСТВО ""МІСЬКА ЛІКАРНЯ №9"" ЗАПОРІЗЬКОЇ МІСЬКОЇ РАДИ","асистент","Медична статистика","1"
"05498694","КОМУНАЛЬНЕ НЕКОМЕРЦІЙНЕ ПІДПРИЄМСТВО ""МІСЬКА ЛІКАРНЯ №9"" ЗАПОРІЗЬКОЇ МІСЬКОЇ РАДИ","асистент","Сестринська справа","244"
"05498694","КОМУНАЛЬНЕ НЕКОМЕРЦІЙНЕ ПІДПРИЄМСТВО ""МІСЬКА ЛІКАРНЯ №9"" ЗАПОРІЗЬКОЇ МІСЬКОЇ РАДИ","асистент","Сестринська справа (операційна)","32"
"05498694","КОМУНАЛЬНЕ НЕКОМЕРЦІЙНЕ ПІДПРИЄМСТВО ""МІСЬКА ЛІКАРНЯ №9"" ЗАПОРІЗЬКОЇ МІСЬКОЇ РАДИ","асистент","Фізична терапія","4"
"05498694","КОМУНАЛЬНЕ НЕКОМЕРЦІЙНЕ ПІДПРИЄМСТВО ""МІСЬКА ЛІКАРНЯ №9"" ЗАПОРІЗЬКОЇ МІСЬКОЇ РАДИ","асистент","Медико-профілактична справа","3"
"05498694","КОМУНАЛЬНЕ НЕКОМЕРЦІЙНЕ ПІДПРИЄМСТВО ""МІСЬКА ЛІКАРНЯ №9"" ЗАПОРІЗЬКОЇ МІСЬКОЇ РАДИ","асистент","Рентгенологія","19"
"05498694","КОМУНАЛЬНЕ НЕКОМЕРЦІЙНЕ ПІДПРИЄМСТВО ""МІСЬКА ЛІКАРНЯ №9"" ЗАПОРІЗЬКОЇ МІСЬКОЇ РАДИ","відділ кадрів",NULL,"2"
"05498694","КОМУНАЛЬНЕ НЕКОМЕРЦІЙНЕ ПІДПРИЄМСТВО ""МІСЬКА ЛІКАРНЯ №9"" ЗАПОРІЗЬКОЇ МІСЬКОЇ РАДИ","Лаборант","Клінічна лабораторна діагностика","1"
"05498694","КОМУНАЛЬНЕ НЕКОМЕРЦІЙНЕ ПІДПРИЄМСТВО ""МІСЬКА ЛІКАРНЯ №9"" ЗАПОРІЗЬКОЇ МІСЬКОЇ РАДИ","Виконуючий функції адміністрування медичних записів","Терапія","1"
"05498694","КОМУНАЛЬНЕ НЕКОМЕРЦІЙНЕ ПІДПРИЄМСТВО ""МІСЬКА ЛІКАРНЯ №9"" ЗАПОРІЗЬКОЇ МІСЬКОЇ РАДИ","керівник закладу ОЗ",NULL,"1"
"05498694","КОМУНАЛЬНЕ НЕКОМЕРЦІЙНЕ ПІДПРИЄМСТВО ""МІСЬКА ЛІКАРНЯ №9"" ЗАПОРІЗЬКОЇ МІСЬКОЇ РАДИ","працівник реєстратури",NULL,"7"
"05498694","КОМУНАЛЬНЕ НЕКОМЕРЦІЙНЕ ПІДПРИЄМСТВО ""МІСЬКА ЛІКАРНЯ №9"" ЗАПОРІЗЬКОЇ МІСЬКОЇ РАДИ","спеціаліст","Анестезіологія","38"
"05498694","КОМУНАЛЬНЕ НЕКОМЕРЦІЙНЕ ПІДПРИЄМСТВО ""МІСЬКА ЛІКАРНЯ №9"" ЗАПОРІЗЬКОЇ МІСЬКОЇ РАДИ","спеціаліст","Сурдологія","1"
"05498694","КОМУНАЛЬНЕ НЕКОМЕРЦІЙНЕ ПІДПРИЄМСТВО ""МІСЬКА ЛІКАРНЯ №9"" ЗАПОРІЗЬКОЇ МІСЬКОЇ РАДИ","спеціаліст","Кардіологія","5"
"05498694","КОМУНАЛЬНЕ НЕКОМЕРЦІЙНЕ ПІДПРИЄМСТВО ""МІСЬКА ЛІКАРНЯ №9"" ЗАПОРІЗЬКОЇ МІСЬКОЇ РАДИ","спеціаліст","Клінічна біохімія","7"
"05498694","КОМУНАЛЬНЕ НЕКОМЕРЦІЙНЕ ПІДПРИЄМСТВО ""МІСЬКА ЛІКАРНЯ №9"" ЗАПОРІЗЬКОЇ МІСЬКОЇ РАДИ","спеціаліст","Клінічна лабораторна діагностика","8"
"05498694","КОМУНАЛЬНЕ НЕКОМЕРЦІЙНЕ ПІДПРИЄМСТВО ""МІСЬКА ЛІКАРНЯ №9"" ЗАПОРІЗЬКОЇ МІСЬКОЇ РАДИ","спеціаліст","Дерматовенерологія","3"
"05498694","КОМУНАЛЬНЕ НЕКОМЕРЦІЙНЕ ПІДПРИЄМСТВО ""МІСЬКА ЛІКАРНЯ №9"" ЗАПОРІЗЬКОЇ МІСЬКОЇ РАДИ","спеціаліст","Медицина невідкладних станів","15"
"05498694","КОМУНАЛЬНЕ НЕКОМЕРЦІЙНЕ ПІДПРИЄМСТВО ""МІСЬКА ЛІКАРНЯ №9"" ЗАПОРІЗЬКОЇ МІСЬКОЇ РАДИ","спеціаліст","Ендокринологія","5"
"05498694","КОМУНАЛЬНЕ НЕКОМЕРЦІЙНЕ ПІДПРИЄМСТВО ""МІСЬКА ЛІКАРНЯ №9"" ЗАПОРІЗЬКОЇ МІСЬКОЇ РАДИ","спеціаліст","Ендоскопія","6"
"05498694","КОМУНАЛЬНЕ НЕКОМЕРЦІЙНЕ ПІДПРИЄМСТВО ""МІСЬКА ЛІКАРНЯ №9"" ЗАПОРІЗЬКОЇ МІСЬКОЇ РАДИ","спеціаліст","Епідеміологія","1"
"05498694","КОМУНАЛЬНЕ НЕКОМЕРЦІЙНЕ ПІДПРИЄМСТВО ""МІСЬКА ЛІКАРНЯ №9"" ЗАПОРІЗЬКОЇ МІСЬКОЇ РАДИ","спеціаліст","Ерготерапія","3"
"05498694","КОМУНАЛЬНЕ НЕКОМЕРЦІЙНЕ ПІДПРИЄМСТВО ""МІСЬКА ЛІКАРНЯ №9"" ЗАПОРІЗЬКОЇ МІСЬКОЇ РАДИ","спеціаліст","Функціональна діагностика","4"
"05498694","КОМУНАЛЬНЕ НЕКОМЕРЦІЙНЕ ПІДПРИЄМСТВО ""МІСЬКА ЛІКАРНЯ №9"" ЗАПОРІЗЬКОЇ МІСЬКОЇ РАДИ","спеціаліст","Гастроентерологія","5"
"05498694","КОМУНАЛЬНЕ НЕКОМЕРЦІЙНЕ ПІДПРИЄМСТВО ""МІСЬКА ЛІКАРНЯ №9"" ЗАПОРІЗЬКОЇ МІСЬКОЇ РАДИ","спеціаліст","Гематологія","1"
"05498694","КОМУНАЛЬНЕ НЕКОМЕРЦІЙНЕ ПІДПРИЄМСТВО ""МІСЬКА ЛІКАРНЯ №9"" ЗАПОРІЗЬКОЇ МІСЬКОЇ РАДИ","спеціаліст","Хірургія","26"
"05498694","КОМУНАЛЬНЕ НЕКОМЕРЦІЙНЕ ПІДПРИЄМСТВО ""МІСЬКА ЛІКАРНЯ №9"" ЗАПОРІЗЬКОЇ МІСЬКОЇ РАДИ","спеціаліст","Інфекційні хвороби","7"
"05498694","КОМУНАЛЬНЕ НЕКОМЕРЦІЙНЕ ПІДПРИЄМСТВО ""МІСЬКА ЛІКАРНЯ №9"" ЗАПОРІЗЬКОЇ МІСЬКОЇ РАДИ","спеціаліст","Медична психологія","3"
"05498694","КОМУНАЛЬНЕ НЕКОМЕРЦІЙНЕ ПІДПРИЄМСТВО ""МІСЬКА ЛІКАРНЯ №9"" ЗАПОРІЗЬКОЇ МІСЬКОЇ РАДИ","спеціаліст","Неврологія","26"
"05498694","КОМУНАЛЬНЕ НЕКОМЕРЦІЙНЕ ПІДПРИЄМСТВО ""МІСЬКА ЛІКАРНЯ №9"" ЗАПОРІЗЬКОЇ МІСЬКОЇ РАДИ","спеціаліст","Нейрохірургія","8"
"05498694","КОМУНАЛЬНЕ НЕКОМЕРЦІЙНЕ ПІДПРИЄМСТВО ""МІСЬКА ЛІКАРНЯ №9"" ЗАПОРІЗЬКОЇ МІСЬКОЇ РАДИ","спеціаліст","Акушерство і гінекологія","4"
"05498694","КОМУНАЛЬНЕ НЕКОМЕРЦІЙНЕ ПІДПРИЄМСТВО ""МІСЬКА ЛІКАРНЯ №9"" ЗАПОРІЗЬКОЇ МІСЬКОЇ РАДИ","спеціаліст","Онкологія","3"
"05498694","КОМУНАЛЬНЕ НЕКОМЕРЦІЙНЕ ПІДПРИЄМСТВО ""МІСЬКА ЛІКАРНЯ №9"" ЗАПОРІЗЬКОЇ МІСЬКОЇ РАДИ","спеціаліст","Офтальмологія","11"
"05498694","КОМУНАЛЬНЕ НЕКОМЕРЦІЙНЕ ПІДПРИЄМСТВО ""МІСЬКА ЛІКАРНЯ №9"" ЗАПОРІЗЬКОЇ МІСЬКОЇ РАДИ","спеціаліст","Ортопедія і травматологія","28"
"05498694","КОМУНАЛЬНЕ НЕКОМЕРЦІЙНЕ ПІДПРИЄМСТВО ""МІСЬКА ЛІКАРНЯ №9"" ЗАПОРІЗЬКОЇ МІСЬКОЇ РАДИ","спеціаліст","Отоларингологія","15"
"05498694","КОМУНАЛЬНЕ НЕКОМЕРЦІЙНЕ ПІДПРИЄМСТВО ""МІСЬКА ЛІКАРНЯ №9"" ЗАПОРІЗЬКОЇ МІСЬКОЇ РАДИ","спеціаліст","Фізична та реабілітаційна медицина","6"
"05498694","КОМУНАЛЬНЕ НЕКОМЕРЦІЙНЕ ПІДПРИЄМСТВО ""МІСЬКА ЛІКАРНЯ №9"" ЗАПОРІЗЬКОЇ МІСЬКОЇ РАДИ","спеціаліст","Фізична терапія","7"
"05498694","КОМУНАЛЬНЕ НЕКОМЕРЦІЙНЕ ПІДПРИЄМСТВО ""МІСЬКА ЛІКАРНЯ №9"" ЗАПОРІЗЬКОЇ МІСЬКОЇ РАДИ","спеціаліст","Проктологія","6"
"05498694","КОМУНАЛЬНЕ НЕКОМЕРЦІЙНЕ ПІДПРИЄМСТВО ""МІСЬКА ЛІКАРНЯ №9"" ЗАПОРІЗЬКОЇ МІСЬКОЇ РАДИ","спеціаліст","Психіатрія","3"
"05498694","КОМУНАЛЬНЕ НЕКОМЕРЦІЙНЕ ПІДПРИЄМСТВО ""МІСЬКА ЛІКАРНЯ №9"" ЗАПОРІЗЬКОЇ МІСЬКОЇ РАДИ","спеціаліст","Організація і управління охороною здоров'я","1"
"05498694","КОМУНАЛЬНЕ НЕКОМЕРЦІЙНЕ ПІДПРИЄМСТВО ""МІСЬКА ЛІКАРНЯ №9"" ЗАПОРІЗЬКОЇ МІСЬКОЇ РАДИ","спеціаліст","Пульмонологія","3"
"05498694","КОМУНАЛЬНЕ НЕКОМЕРЦІЙНЕ ПІДПРИЄМСТВО ""МІСЬКА ЛІКАРНЯ №9"" ЗАПОРІЗЬКОЇ МІСЬКОЇ РАДИ","спеціаліст","Радіологія","2"
"05498694","КОМУНАЛЬНЕ НЕКОМЕРЦІЙНЕ ПІДПРИЄМСТВО ""МІСЬКА ЛІКАРНЯ №9"" ЗАПОРІЗЬКОЇ МІСЬКОЇ РАДИ","спеціаліст","Ревматологія","1"
"05498694","КОМУНАЛЬНЕ НЕКОМЕРЦІЙНЕ ПІДПРИЄМСТВО ""МІСЬКА ЛІКАРНЯ №9"" ЗАПОРІЗЬКОЇ МІСЬКОЇ РАДИ","спеціаліст","Хірургічна стоматологія","1"
"05498694","КОМУНАЛЬНЕ НЕКОМЕРЦІЙНЕ ПІДПРИЄМСТВО ""МІСЬКА ЛІКАРНЯ №9"" ЗАПОРІЗЬКОЇ МІСЬКОЇ РАДИ","спеціаліст","Онкохірургія","1"
"05498694","КОМУНАЛЬНЕ НЕКОМЕРЦІЙНЕ ПІДПРИЄМСТВО ""МІСЬКА ЛІКАРНЯ №9"" ЗАПОРІЗЬКОЇ МІСЬКОЇ РАДИ","спеціаліст","Терапевтична стоматологія","1"
"05498694","КОМУНАЛЬНЕ НЕКОМЕРЦІЙНЕ ПІДПРИЄМСТВО ""МІСЬКА ЛІКАРНЯ №9"" ЗАПОРІЗЬКОЇ МІСЬКОЇ РАДИ","спеціаліст","Терапія","15"
"05498694","КОМУНАЛЬНЕ НЕКОМЕРЦІЙНЕ ПІДПРИЄМСТВО ""МІСЬКА ЛІКАРНЯ №9"" ЗАПОРІЗЬКОЇ МІСЬКОЇ РАДИ","спеціаліст","Торакальна хірургія","1"
"05498694","КОМУНАЛЬНЕ НЕКОМЕРЦІЙНЕ ПІДПРИЄМСТВО ""МІСЬКА ЛІКАРНЯ №9"" ЗАПОРІЗЬКОЇ МІСЬКОЇ РАДИ","спеціаліст","Трансфузіологія","2"
"05498694","КОМУНАЛЬНЕ НЕКОМЕРЦІЙНЕ ПІДПРИЄМСТВО ""МІСЬКА ЛІКАРНЯ №9"" ЗАПОРІЗЬКОЇ МІСЬКОЇ РАДИ","спеціаліст","Ультразвукова діагностика","6"
"05498694","КОМУНАЛЬНЕ НЕКОМЕРЦІЙНЕ ПІДПРИЄМСТВО ""МІСЬКА ЛІКАРНЯ №9"" ЗАПОРІЗЬКОЇ МІСЬКОЇ РАДИ","спеціаліст","Урологія","8"
"05498694","КОМУНАЛЬНЕ НЕКОМЕРЦІЙНЕ ПІДПРИЄМСТВО ""МІСЬКА ЛІКАРНЯ №9"" ЗАПОРІЗЬКОЇ МІСЬКОЇ РАДИ","спеціаліст","Судинна хірургія","1"
"05498694","КОМУНАЛЬНЕ НЕКОМЕРЦІЙНЕ ПІДПРИЄМСТВО ""МІСЬКА ЛІКАРНЯ №9"" ЗАПОРІЗЬКОЇ МІСЬКОЇ РАДИ","спеціаліст","Рентгенологія","20"
"05498737","КОМУНАЛЬНЕ НЕКОМЕРЦІЙНЕ ПІДПРИЄМСТВО ""ЗАПОРІЗЬКА ОБЛАСНА КЛІНІЧНА ДИТЯЧА ЛІКАРНЯ"" ЗАПОРІЗЬКОЇ ОБЛАСНОЇ РАДИ","адміністратор",NULL,"1"
"05498737","КОМУНАЛЬНЕ НЕКОМЕРЦІЙНЕ ПІДПРИЄМСТВО ""ЗАПОРІЗЬКА ОБЛАСНА КЛІНІЧНА ДИТЯЧА ЛІКАРНЯ"" ЗАПОРІЗЬКОЇ ОБЛАСНОЇ РАДИ","асистент","Лабораторна справа (клініка)","14"
"05498737","КОМУНАЛЬНЕ НЕКОМЕРЦІЙНЕ ПІДПРИЄМСТВО ""ЗАПОРІЗЬКА ОБЛАСНА КЛІНІЧНА ДИТЯЧА ЛІКАРНЯ"" ЗАПОРІЗЬКОЇ ОБЛАСНОЇ РАДИ","асистент","Ерготерапія","6"
"05498737","КОМУНАЛЬНЕ НЕКОМЕРЦІЙНЕ ПІДПРИЄМСТВО ""ЗАПОРІЗЬКА ОБЛАСНА КЛІНІЧНА ДИТЯЧА ЛІКАРНЯ"" ЗАПОРІЗЬКОЇ ОБЛАСНОЇ РАДИ","асистент","Лікувальна справа","24"
"05498737","КОМУНАЛЬНЕ НЕКОМЕРЦІЙНЕ ПІДПРИЄМСТВО ""ЗАПОРІЗЬКА ОБЛАСНА КЛІНІЧНА ДИТЯЧА ЛІКАРНЯ"" ЗАПОРІЗЬКОЇ ОБЛАСНОЇ РАДИ","асистент","Лабораторна справа (гігієна)","3"
"05498737","КОМУНАЛЬНЕ НЕКОМЕРЦІЙНЕ ПІДПРИЄМСТВО ""ЗАПОРІЗЬКА ОБЛАСНА КЛІНІЧНА ДИТЯЧА ЛІКАРНЯ"" ЗАПОРІЗЬКОЇ ОБЛАСНОЇ РАДИ","асистент","Сестринська справа","92"
"05498737","КОМУНАЛЬНЕ НЕКОМЕРЦІЙНЕ ПІДПРИЄМСТВО ""ЗАПОРІЗЬКА ОБЛАСНА КЛІНІЧНА ДИТЯЧА ЛІКАРНЯ"" ЗАПОРІЗЬКОЇ ОБЛАСНОЇ РАДИ","асистент","Сестринська справа (операційна)","19"
"05498737","КОМУНАЛЬНЕ НЕКОМЕРЦІЙНЕ ПІДПРИЄМСТВО ""ЗАПОРІЗЬКА ОБЛАСНА КЛІНІЧНА ДИТЯЧА ЛІКАРНЯ"" ЗАПОРІЗЬКОЇ ОБЛАСНОЇ РАДИ","асистент","Фізична терапія","4"
"05498737","КОМУНАЛЬНЕ НЕКОМЕРЦІЙНЕ ПІДПРИЄМСТВО ""ЗАПОРІЗЬКА ОБЛАСНА КЛІНІЧНА ДИТЯЧА ЛІКАРНЯ"" ЗАПОРІЗЬКОЇ ОБЛАСНОЇ РАДИ","асистент","Рентгенологія","6"
"05498737","КОМУНАЛЬНЕ НЕКОМЕРЦІЙНЕ ПІДПРИЄМСТВО ""ЗАПОРІЗЬКА ОБЛАСНА КЛІНІЧНА ДИТЯЧА ЛІКАРНЯ"" ЗАПОРІЗЬКОЇ ОБЛАСНОЇ РАДИ","відділ кадрів",NULL,"1"
"05498737","КОМУНАЛЬНЕ НЕКОМЕРЦІЙНЕ ПІДПРИЄМСТВО ""ЗАПОРІЗЬКА ОБЛАСНА КЛІНІЧНА ДИТЯЧА ЛІКАРНЯ"" ЗАПОРІЗЬКОЇ ОБЛАСНОЇ РАДИ","Виконуючий функції адміністрування медичних записів","Педіатрія","1"
"05498737","КОМУНАЛЬНЕ НЕКОМЕРЦІЙНЕ ПІДПРИЄМСТВО ""ЗАПОРІЗЬКА ОБЛАСНА КЛІНІЧНА ДИТЯЧА ЛІКАРНЯ"" ЗАПОРІЗЬКОЇ ОБЛАСНОЇ РАДИ","керівник закладу ОЗ",NULL,"1"
"05498737","КОМУНАЛЬНЕ НЕКОМЕРЦІЙНЕ ПІДПРИЄМСТВО ""ЗАПОРІЗЬКА ОБЛАСНА КЛІНІЧНА ДИТЯЧА ЛІКАРНЯ"" ЗАПОРІЗЬКОЇ ОБЛАСНОЇ РАДИ","працівник реєстратури",NULL,"2"
"05498737","КОМУНАЛЬНЕ НЕКОМЕРЦІЙНЕ ПІДПРИЄМСТВО ""ЗАПОРІЗЬКА ОБЛАСНА КЛІНІЧНА ДИТЯЧА ЛІКАРНЯ"" ЗАПОРІЗЬКОЇ ОБЛАСНОЇ РАДИ","спеціаліст","Сурдологія","1"
"05498737","КОМУНАЛЬНЕ НЕКОМЕРЦІЙНЕ ПІДПРИЄМСТВО ""ЗАПОРІЗЬКА ОБЛАСНА КЛІНІЧНА ДИТЯЧА ЛІКАРНЯ"" ЗАПОРІЗЬКОЇ ОБЛАСНОЇ РАДИ","спеціаліст","Бактеріологія","2"
"05498737","КОМУНАЛЬНЕ НЕКОМЕРЦІЙНЕ ПІДПРИЄМСТВО ""ЗАПОРІЗЬКА ОБЛАСНА КЛІНІЧНА ДИТЯЧА ЛІКАРНЯ"" ЗАПОРІЗЬКОЇ ОБЛАСНОЇ РАДИ","спеціаліст","Хірургія серця та магістральних судин","1"
"05498737","КОМУНАЛЬНЕ НЕКОМЕРЦІЙНЕ ПІДПРИЄМСТВО ""ЗАПОРІЗЬКА ОБЛАСНА КЛІНІЧНА ДИТЯЧА ЛІКАРНЯ"" ЗАПОРІЗЬКОЇ ОБЛАСНОЇ РАДИ","спеціаліст","Клінічна біохімія","1"
"05498737","КОМУНАЛЬНЕ НЕКОМЕРЦІЙНЕ ПІДПРИЄМСТВО ""ЗАПОРІЗЬКА ОБЛАСНА КЛІНІЧНА ДИТЯЧА ЛІКАРНЯ"" ЗАПОРІЗЬКОЇ ОБЛАСНОЇ РАДИ","спеціаліст","Клінічна лабораторна діагностика","1"
"05498737","КОМУНАЛЬНЕ НЕКОМЕРЦІЙНЕ ПІДПРИЄМСТВО ""ЗАПОРІЗЬКА ОБЛАСНА КЛІНІЧНА ДИТЯЧА ЛІКАРНЯ"" ЗАПОРІЗЬКОЇ ОБЛАСНОЇ РАДИ","спеціаліст","Медицина невідкладних станів","2"
"05498737","КОМУНАЛЬНЕ НЕКОМЕРЦІЙНЕ ПІДПРИЄМСТВО ""ЗАПОРІЗЬКА ОБЛАСНА КЛІНІЧНА ДИТЯЧА ЛІКАРНЯ"" ЗАПОРІЗЬКОЇ ОБЛАСНОЇ РАДИ","спеціаліст","Ендоскопія","2"
"05498737","КОМУНАЛЬНЕ НЕКОМЕРЦІЙНЕ ПІДПРИЄМСТВО ""ЗАПОРІЗЬКА ОБЛАСНА КЛІНІЧНА ДИТЯЧА ЛІКАРНЯ"" ЗАПОРІЗЬКОЇ ОБЛАСНОЇ РАДИ","спеціаліст","Епідеміологія","1"
"05498737","КОМУНАЛЬНЕ НЕКОМЕРЦІЙНЕ ПІДПРИЄМСТВО ""ЗАПОРІЗЬКА ОБЛАСНА КЛІНІЧНА ДИТЯЧА ЛІКАРНЯ"" ЗАПОРІЗЬКОЇ ОБЛАСНОЇ РАДИ","спеціаліст","Ерготерапія","4"
"05498737","КОМУНАЛЬНЕ НЕКОМЕРЦІЙНЕ ПІДПРИЄМСТВО ""ЗАПОРІЗЬКА ОБЛАСНА КЛІНІЧНА ДИТЯЧА ЛІКАРНЯ"" ЗАПОРІЗЬКОЇ ОБЛАСНОЇ РАДИ","спеціаліст","Функціональна діагностика","2"
"05498737","КОМУНАЛЬНЕ НЕКОМЕРЦІЙНЕ ПІДПРИЄМСТВО ""ЗАПОРІЗЬКА ОБЛАСНА КЛІНІЧНА ДИТЯЧА ЛІКАРНЯ"" ЗАПОРІЗЬКОЇ ОБЛАСНОЇ РАДИ","спеціаліст","Неонатологія","2"
"05498737","КОМУНАЛЬНЕ НЕКОМЕРЦІЙНЕ ПІДПРИЄМСТВО ""ЗАПОРІЗЬКА ОБЛАСНА КЛІНІЧНА ДИТЯЧА ЛІКАРНЯ"" ЗАПОРІЗЬКОЇ ОБЛАСНОЇ РАДИ","спеціаліст","Дитяча алергологія","2"
"05498737","КОМУНАЛЬНЕ НЕКОМЕРЦІЙНЕ ПІДПРИЄМСТВО ""ЗАПОРІЗЬКА ОБЛАСНА КЛІНІЧНА ДИТЯЧА ЛІКАРНЯ"" ЗАПОРІЗЬКОЇ ОБЛАСНОЇ РАДИ","спеціаліст","Дитяча анестезіологія","24"
"05498737","КОМУНАЛЬНЕ НЕКОМЕРЦІЙНЕ ПІДПРИЄМСТВО ""ЗАПОРІЗЬКА ОБЛАСНА КЛІНІЧНА ДИТЯЧА ЛІКАРНЯ"" ЗАПОРІЗЬКОЇ ОБЛАСНОЇ РАДИ","спеціаліст","Дитяча кардіоревматологія","2"
"05498737","КОМУНАЛЬНЕ НЕКОМЕРЦІЙНЕ ПІДПРИЄМСТВО ""ЗАПОРІЗЬКА ОБЛАСНА КЛІНІЧНА ДИТЯЧА ЛІКАРНЯ"" ЗАПОРІЗЬКОЇ ОБЛАСНОЇ РАДИ","спеціаліст","Дитяча ендокринологія","3"
"05498737","КОМУНАЛЬНЕ НЕКОМЕРЦІЙНЕ ПІДПРИЄМСТВО ""ЗАПОРІЗЬКА ОБЛАСНА КЛІНІЧНА ДИТЯЧА ЛІКАРНЯ"" ЗАПОРІЗЬКОЇ ОБЛАСНОЇ РАДИ","спеціаліст","Дитяча гастроентерологія","1"
"05498737","КОМУНАЛЬНЕ НЕКОМЕРЦІЙНЕ ПІДПРИЄМСТВО ""ЗАПОРІЗЬКА ОБЛАСНА КЛІНІЧНА ДИТЯЧА ЛІКАРНЯ"" ЗАПОРІЗЬКОЇ ОБЛАСНОЇ РАДИ","спеціаліст","Дитяча гінекологія","1"
"05498737","КОМУНАЛЬНЕ НЕКОМЕРЦІЙНЕ ПІДПРИЄМСТВО ""ЗАПОРІЗЬКА ОБЛАСНА КЛІНІЧНА ДИТЯЧА ЛІКАРНЯ"" ЗАПОРІЗЬКОЇ ОБЛАСНОЇ РАДИ","спеціаліст","Дитяча гематологія","3"
"05498737","КОМУНАЛЬНЕ НЕКОМЕРЦІЙНЕ ПІДПРИЄМСТВО ""ЗАПОРІЗЬКА ОБЛАСНА КЛІНІЧНА ДИТЯЧА ЛІКАРНЯ"" ЗАПОРІЗЬКОЇ ОБЛАСНОЇ РАДИ","спеціаліст","Педіатрія","17"
"05498737","КОМУНАЛЬНЕ НЕКОМЕРЦІЙНЕ ПІДПРИЄМСТВО ""ЗАПОРІЗЬКА ОБЛАСНА КЛІНІЧНА ДИТЯЧА ЛІКАРНЯ"" ЗАПОРІЗЬКОЇ ОБЛАСНОЇ РАДИ","спеціаліст","Дитяча імунологія","1"
"05498737","КОМУНАЛЬНЕ НЕКОМЕРЦІЙНЕ ПІДПРИЄМСТВО ""ЗАПОРІЗЬКА ОБЛАСНА КЛІНІЧНА ДИТЯЧА ЛІКАРНЯ"" ЗАПОРІЗЬКОЇ ОБЛАСНОЇ РАДИ","спеціаліст","Дитяча нефрологія","1"
"05498737","КОМУНАЛЬНЕ НЕКОМЕРЦІЙНЕ ПІДПРИЄМСТВО ""ЗАПОРІЗЬКА ОБЛАСНА КЛІНІЧНА ДИТЯЧА ЛІКАРНЯ"" ЗАПОРІЗЬКОЇ ОБЛАСНОЇ РАДИ","спеціаліст","Дитяча нейрохірургія","5"
"05498737","КОМУНАЛЬНЕ НЕКОМЕРЦІЙНЕ ПІДПРИЄМСТВО ""ЗАПОРІЗЬКА ОБЛАСНА КЛІНІЧНА ДИТЯЧА ЛІКАРНЯ"" ЗАПОРІЗЬКОЇ ОБЛАСНОЇ РАДИ","спеціаліст","Дитяча неврологія","7"
"05498737","КОМУНАЛЬНЕ НЕКОМЕРЦІЙНЕ ПІДПРИЄМСТВО ""ЗАПОРІЗЬКА ОБЛАСНА КЛІНІЧНА ДИТЯЧА ЛІКАРНЯ"" ЗАПОРІЗЬКОЇ ОБЛАСНОЇ РАДИ","спеціаліст","Дитяча онкологія","2"
"05498737","КОМУНАЛЬНЕ НЕКОМЕРЦІЙНЕ ПІДПРИЄМСТВО ""ЗАПОРІЗЬКА ОБЛАСНА КЛІНІЧНА ДИТЯЧА ЛІКАРНЯ"" ЗАПОРІЗЬКОЇ ОБЛАСНОЇ РАДИ","спеціаліст","Дитяча офтальмологія","7"
"05498737","КОМУНАЛЬНЕ НЕКОМЕРЦІЙНЕ ПІДПРИЄМСТВО ""ЗАПОРІЗЬКА ОБЛАСНА КЛІНІЧНА ДИТЯЧА ЛІКАРНЯ"" ЗАПОРІЗЬКОЇ ОБЛАСНОЇ РАДИ","спеціаліст","Дитяча ортопедія і травматологія","8"
"05498737","КОМУНАЛЬНЕ НЕКОМЕРЦІЙНЕ ПІДПРИЄМСТВО ""ЗАПОРІЗЬКА ОБЛАСНА КЛІНІЧНА ДИТЯЧА ЛІКАРНЯ"" ЗАПОРІЗЬКОЇ ОБЛАСНОЇ РАДИ","спеціаліст","Дитяча отоларингологія","4"
"05498737","КОМУНАЛЬНЕ НЕКОМЕРЦІЙНЕ ПІДПРИЄМСТВО ""ЗАПОРІЗЬКА ОБЛАСНА КЛІНІЧНА ДИТЯЧА ЛІКАРНЯ"" ЗАПОРІЗЬКОЇ ОБЛАСНОЇ РАДИ","спеціаліст","Дитяча психіатрія","2"
"05498737","КОМУНАЛЬНЕ НЕКОМЕРЦІЙНЕ ПІДПРИЄМСТВО ""ЗАПОРІЗЬКА ОБЛАСНА КЛІНІЧНА ДИТЯЧА ЛІКАРНЯ"" ЗАПОРІЗЬКОЇ ОБЛАСНОЇ РАДИ","спеціаліст","Дитяча пульмонологія","3"
"05498737","КОМУНАЛЬНЕ НЕКОМЕРЦІЙНЕ ПІДПРИЄМСТВО ""ЗАПОРІЗЬКА ОБЛАСНА КЛІНІЧНА ДИТЯЧА ЛІКАРНЯ"" ЗАПОРІЗЬКОЇ ОБЛАСНОЇ РАДИ","спеціаліст","Дитяча хірургія","16"
"05498737","КОМУНАЛЬНЕ НЕКОМЕРЦІЙНЕ ПІДПРИЄМСТВО ""ЗАПОРІЗЬКА ОБЛАСНА КЛІНІЧНА ДИТЯЧА ЛІКАРНЯ"" ЗАПОРІЗЬКОЇ ОБЛАСНОЇ РАДИ","спеціаліст","Дитяча урологія","2"
"05498737","КОМУНАЛЬНЕ НЕКОМЕРЦІЙНЕ ПІДПРИЄМСТВО ""ЗАПОРІЗЬКА ОБЛАСНА КЛІНІЧНА ДИТЯЧА ЛІКАРНЯ"" ЗАПОРІЗЬКОЇ ОБЛАСНОЇ РАДИ","спеціаліст","Фізична та реабілітаційна медицина","5"
"05498737","КОМУНАЛЬНЕ НЕКОМЕРЦІЙНЕ ПІДПРИЄМСТВО ""ЗАПОРІЗЬКА ОБЛАСНА КЛІНІЧНА ДИТЯЧА ЛІКАРНЯ"" ЗАПОРІЗЬКОЇ ОБЛАСНОЇ РАДИ","спеціаліст","Фізична терапія","7"
"05498737","КОМУНАЛЬНЕ НЕКОМЕРЦІЙНЕ ПІДПРИЄМСТВО ""ЗАПОРІЗЬКА ОБЛАСНА КЛІНІЧНА ДИТЯЧА ЛІКАРНЯ"" ЗАПОРІЗЬКОЇ ОБЛАСНОЇ РАДИ","спеціаліст","Організація і управління охороною здоров'я","1"
"05498737","КОМУНАЛЬНЕ НЕКОМЕРЦІЙНЕ ПІДПРИЄМСТВО ""ЗАПОРІЗЬКА ОБЛАСНА КЛІНІЧНА ДИТЯЧА ЛІКАРНЯ"" ЗАПОРІЗЬКОЇ ОБЛАСНОЇ РАДИ","спеціаліст","Променева терапія","1"
"05498737","КОМУНАЛЬНЕ НЕКОМЕРЦІЙНЕ ПІДПРИЄМСТВО ""ЗАПОРІЗЬКА ОБЛАСНА КЛІНІЧНА ДИТЯЧА ЛІКАРНЯ"" ЗАПОРІЗЬКОЇ ОБЛАСНОЇ РАДИ","спеціаліст","Радіологія","1"
"05498737","КОМУНАЛЬНЕ НЕКОМЕРЦІЙНЕ ПІДПРИЄМСТВО ""ЗАПОРІЗЬКА ОБЛАСНА КЛІНІЧНА ДИТЯЧА ЛІКАРНЯ"" ЗАПОРІЗЬКОЇ ОБЛАСНОЇ РАДИ","спеціаліст","Хірургічна стоматологія","1"
"05498737","КОМУНАЛЬНЕ НЕКОМЕРЦІЙНЕ ПІДПРИЄМСТВО ""ЗАПОРІЗЬКА ОБЛАСНА КЛІНІЧНА ДИТЯЧА ЛІКАРНЯ"" ЗАПОРІЗЬКОЇ ОБЛАСНОЇ РАДИ","спеціаліст","Торакальна хірургія","1"
"05498737","КОМУНАЛЬНЕ НЕКОМЕРЦІЙНЕ ПІДПРИЄМСТВО ""ЗАПОРІЗЬКА ОБЛАСНА КЛІНІЧНА ДИТЯЧА ЛІКАРНЯ"" ЗАПОРІЗЬКОЇ ОБЛАСНОЇ РАДИ","спеціаліст","Ультразвукова діагностика","4"
"05498737","КОМУНАЛЬНЕ НЕКОМЕРЦІЙНЕ ПІДПРИЄМСТВО ""ЗАПОРІЗЬКА ОБЛАСНА КЛІНІЧНА ДИТЯЧА ЛІКАРНЯ"" ЗАПОРІЗЬКОЇ ОБЛАСНОЇ РАДИ","спеціаліст","Рентгенологія","4"
"05498849","КОМУНАЛЬНЕ НЕКОМЕРЦІЙНЕ ПІДПРИЄМСТВО ""ОБЛАСНА ІНФЕКЦІЙНА КЛІНІЧНА ЛІКАРНЯ"" ЗАПОРІЗЬКОЇ ОБЛАСНОЇ РАДИ","адміністратор",NULL,"3"
"05498849","КОМУНАЛЬНЕ НЕКОМЕРЦІЙНЕ ПІДПРИЄМСТВО ""ОБЛАСНА ІНФЕКЦІЙНА КЛІНІЧНА ЛІКАРНЯ"" ЗАПОРІЗЬКОЇ ОБЛАСНОЇ РАДИ","асистент","Лабораторна справа (клініка)","10"
"05498849","КОМУНАЛЬНЕ НЕКОМЕРЦІЙНЕ ПІДПРИЄМСТВО ""ОБЛАСНА ІНФЕКЦІЙНА КЛІНІЧНА ЛІКАРНЯ"" ЗАПОРІЗЬКОЇ ОБЛАСНОЇ РАДИ","асистент","Лікувальна справа","11"
"05498849","КОМУНАЛЬНЕ НЕКОМЕРЦІЙНЕ ПІДПРИЄМСТВО ""ОБЛАСНА ІНФЕКЦІЙНА КЛІНІЧНА ЛІКАРНЯ"" ЗАПОРІЗЬКОЇ ОБЛАСНОЇ РАДИ","асистент","Лабораторна справа (гігієна)","6"
"05498849","КОМУНАЛЬНЕ НЕКОМЕРЦІЙНЕ ПІДПРИЄМСТВО ""ОБЛАСНА ІНФЕКЦІЙНА КЛІНІЧНА ЛІКАРНЯ"" ЗАПОРІЗЬКОЇ ОБЛАСНОЇ РАДИ","асистент","Сестринська справа","54"
"05498849","КОМУНАЛЬНЕ НЕКОМЕРЦІЙНЕ ПІДПРИЄМСТВО ""ОБЛАСНА ІНФЕКЦІЙНА КЛІНІЧНА ЛІКАРНЯ"" ЗАПОРІЗЬКОЇ ОБЛАСНОЇ РАДИ","асистент","Акушерська справа","1"
"05498849","КОМУНАЛЬНЕ НЕКОМЕРЦІЙНЕ ПІДПРИЄМСТВО ""ОБЛАСНА ІНФЕКЦІЙНА КЛІНІЧНА ЛІКАРНЯ"" ЗАПОРІЗЬКОЇ ОБЛАСНОЇ РАДИ","асистент","Медико-профілактична справа","1"
"05498849","КОМУНАЛЬНЕ НЕКОМЕРЦІЙНЕ ПІДПРИЄМСТВО ""ОБЛАСНА ІНФЕКЦІЙНА КЛІНІЧНА ЛІКАРНЯ"" ЗАПОРІЗЬКОЇ ОБЛАСНОЇ РАДИ","асистент","Рентгенологія","1"
"05498849","КОМУНАЛЬНЕ НЕКОМЕРЦІЙНЕ ПІДПРИЄМСТВО ""ОБЛАСНА ІНФЕКЦІЙНА КЛІНІЧНА ЛІКАРНЯ"" ЗАПОРІЗЬКОЇ ОБЛАСНОЇ РАДИ","відділ кадрів",NULL,"1"
"05498849","КОМУНАЛЬНЕ НЕКОМЕРЦІЙНЕ ПІДПРИЄМСТВО ""ОБЛАСНА ІНФЕКЦІЙНА КЛІНІЧНА ЛІКАРНЯ"" ЗАПОРІЗЬКОЇ ОБЛАСНОЇ РАДИ","Лаборант","Бактеріологія","1"
"05498849","КОМУНАЛЬНЕ НЕКОМЕРЦІЙНЕ ПІДПРИЄМСТВО ""ОБЛАСНА ІНФЕКЦІЙНА КЛІНІЧНА ЛІКАРНЯ"" ЗАПОРІЗЬКОЇ ОБЛАСНОЇ РАДИ","Лаборант","Клінічна біохімія","1"
"05498849","КОМУНАЛЬНЕ НЕКОМЕРЦІЙНЕ ПІДПРИЄМСТВО ""ОБЛАСНА ІНФЕКЦІЙНА КЛІНІЧНА ЛІКАРНЯ"" ЗАПОРІЗЬКОЇ ОБЛАСНОЇ РАДИ","Лаборант","Клінічна лабораторна діагностика","2"
"05498849","КОМУНАЛЬНЕ НЕКОМЕРЦІЙНЕ ПІДПРИЄМСТВО ""ОБЛАСНА ІНФЕКЦІЙНА КЛІНІЧНА ЛІКАРНЯ"" ЗАПОРІЗЬКОЇ ОБЛАСНОЇ РАДИ","Лаборант","Лабораторна справа (клініка)","4"
"05498849","КОМУНАЛЬНЕ НЕКОМЕРЦІЙНЕ ПІДПРИЄМСТВО ""ОБЛАСНА ІНФЕКЦІЙНА КЛІНІЧНА ЛІКАРНЯ"" ЗАПОРІЗЬКОЇ ОБЛАСНОЇ РАДИ","Лаборант","Лабораторна справа (гігієна)","1"
"05498849","КОМУНАЛЬНЕ НЕКОМЕРЦІЙНЕ ПІДПРИЄМСТВО ""ОБЛАСНА ІНФЕКЦІЙНА КЛІНІЧНА ЛІКАРНЯ"" ЗАПОРІЗЬКОЇ ОБЛАСНОЇ РАДИ","Лаборант","Лабораторна імунологія","2"
"05498849","КОМУНАЛЬНЕ НЕКОМЕРЦІЙНЕ ПІДПРИЄМСТВО ""ОБЛАСНА ІНФЕКЦІЙНА КЛІНІЧНА ЛІКАРНЯ"" ЗАПОРІЗЬКОЇ ОБЛАСНОЇ РАДИ","Виконуючий функції адміністрування медичних записів","Інфекційні хвороби","1"
"05498849","КОМУНАЛЬНЕ НЕКОМЕРЦІЙНЕ ПІДПРИЄМСТВО ""ОБЛАСНА ІНФЕКЦІЙНА КЛІНІЧНА ЛІКАРНЯ"" ЗАПОРІЗЬКОЇ ОБЛАСНОЇ РАДИ","керівник закладу ОЗ",NULL,"1"
"05498849","КОМУНАЛЬНЕ НЕКОМЕРЦІЙНЕ ПІДПРИЄМСТВО ""ОБЛАСНА ІНФЕКЦІЙНА КЛІНІЧНА ЛІКАРНЯ"" ЗАПОРІЗЬКОЇ ОБЛАСНОЇ РАДИ","працівник реєстратури",NULL,"4"
"05498849","КОМУНАЛЬНЕ НЕКОМЕРЦІЙНЕ ПІДПРИЄМСТВО ""ОБЛАСНА ІНФЕКЦІЙНА КЛІНІЧНА ЛІКАРНЯ"" ЗАПОРІЗЬКОЇ ОБЛАСНОЇ РАДИ","спеціаліст","Анестезіологія","5"
"05498849","КОМУНАЛЬНЕ НЕКОМЕРЦІЙНЕ ПІДПРИЄМСТВО ""ОБЛАСНА ІНФЕКЦІЙНА КЛІНІЧНА ЛІКАРНЯ"" ЗАПОРІЗЬКОЇ ОБЛАСНОЇ РАДИ","спеціаліст","Кардіологія","1"
"05498849","КОМУНАЛЬНЕ НЕКОМЕРЦІЙНЕ ПІДПРИЄМСТВО ""ОБЛАСНА ІНФЕКЦІЙНА КЛІНІЧНА ЛІКАРНЯ"" ЗАПОРІЗЬКОЇ ОБЛАСНОЇ РАДИ","спеціаліст","Клінічна лабораторна діагностика","1"
"05498849","КОМУНАЛЬНЕ НЕКОМЕРЦІЙНЕ ПІДПРИЄМСТВО ""ОБЛАСНА ІНФЕКЦІЙНА КЛІНІЧНА ЛІКАРНЯ"" ЗАПОРІЗЬКОЇ ОБЛАСНОЇ РАДИ","спеціаліст","Дерматовенерологія","18"
"05498849","КОМУНАЛЬНЕ НЕКОМЕРЦІЙНЕ ПІДПРИЄМСТВО ""ОБЛАСНА ІНФЕКЦІЙНА КЛІНІЧНА ЛІКАРНЯ"" ЗАПОРІЗЬКОЇ ОБЛАСНОЇ РАДИ","спеціаліст","Епідеміологія","1"
"05498849","КОМУНАЛЬНЕ НЕКОМЕРЦІЙНЕ ПІДПРИЄМСТВО ""ОБЛАСНА ІНФЕКЦІЙНА КЛІНІЧНА ЛІКАРНЯ"" ЗАПОРІЗЬКОЇ ОБЛАСНОЇ РАДИ","спеціаліст","Хірургія","1"
"05498849","КОМУНАЛЬНЕ НЕКОМЕРЦІЙНЕ ПІДПРИЄМСТВО ""ОБЛАСНА ІНФЕКЦІЙНА КЛІНІЧНА ЛІКАРНЯ"" ЗАПОРІЗЬКОЇ ОБЛАСНОЇ РАДИ","спеціаліст","Інфекційні хвороби","24"
"05498849","КОМУНАЛЬНЕ НЕКОМЕРЦІЙНЕ ПІДПРИЄМСТВО ""ОБЛАСНА ІНФЕКЦІЙНА КЛІНІЧНА ЛІКАРНЯ"" ЗАПОРІЗЬКОЇ ОБЛАСНОЇ РАДИ","спеціаліст","Лабораторна імунологія","2"
"05498849","КОМУНАЛЬНЕ НЕКОМЕРЦІЙНЕ ПІДПРИЄМСТВО ""ОБЛАСНА ІНФЕКЦІЙНА КЛІНІЧНА ЛІКАРНЯ"" ЗАПОРІЗЬКОЇ ОБЛАСНОЇ РАДИ","спеціаліст","Медична психологія","1"
"05498849","КОМУНАЛЬНЕ НЕКОМЕРЦІЙНЕ ПІДПРИЄМСТВО ""ОБЛАСНА ІНФЕКЦІЙНА КЛІНІЧНА ЛІКАРНЯ"" ЗАПОРІЗЬКОЇ ОБЛАСНОЇ РАДИ","спеціаліст","Неврологія","1"
"05498849","КОМУНАЛЬНЕ НЕКОМЕРЦІЙНЕ ПІДПРИЄМСТВО ""ОБЛАСНА ІНФЕКЦІЙНА КЛІНІЧНА ЛІКАРНЯ"" ЗАПОРІЗЬКОЇ ОБЛАСНОЇ РАДИ","спеціаліст","Офтальмологія","1"
"05498849","КОМУНАЛЬНЕ НЕКОМЕРЦІЙНЕ ПІДПРИЄМСТВО ""ОБЛАСНА ІНФЕКЦІЙНА КЛІНІЧНА ЛІКАРНЯ"" ЗАПОРІЗЬКОЇ ОБЛАСНОЇ РАДИ","спеціаліст","Дитяча анестезіологія","3"
"05498849","КОМУНАЛЬНЕ НЕКОМЕРЦІЙНЕ ПІДПРИЄМСТВО ""ОБЛАСНА ІНФЕКЦІЙНА КЛІНІЧНА ЛІКАРНЯ"" ЗАПОРІЗЬКОЇ ОБЛАСНОЇ РАДИ","спеціаліст","Педіатрія","1"
"05498849","КОМУНАЛЬНЕ НЕКОМЕРЦІЙНЕ ПІДПРИЄМСТВО ""ОБЛАСНА ІНФЕКЦІЙНА КЛІНІЧНА ЛІКАРНЯ"" ЗАПОРІЗЬКОЇ ОБЛАСНОЇ РАДИ","спеціаліст","Дитячі інфекційні хвороби","15"
"05498849","КОМУНАЛЬНЕ НЕКОМЕРЦІЙНЕ ПІДПРИЄМСТВО ""ОБЛАСНА ІНФЕКЦІЙНА КЛІНІЧНА ЛІКАРНЯ"" ЗАПОРІЗЬКОЇ ОБЛАСНОЇ РАДИ","спеціаліст","Ультразвукова діагностика","2"
"05498849","КОМУНАЛЬНЕ НЕКОМЕРЦІЙНЕ ПІДПРИЄМСТВО ""ОБЛАСНА ІНФЕКЦІЙНА КЛІНІЧНА ЛІКАРНЯ"" ЗАПОРІЗЬКОЇ ОБЛАСНОЇ РАДИ","спеціаліст","Рентгенологія","2"
"20498781","КОМУНАЛЬНЕ НЕКОМЕРЦІЙНЕ ПІДПРИЄМСТВО ""МІСЬКА ЛІКАРНЯ №1"" ЗАПОРІЗЬКОЇ МІСЬКОЇ РАДИ","адміністратор",NULL,"1"
"20498781","КОМУНАЛЬНЕ НЕКОМЕРЦІЙНЕ ПІДПРИЄМСТВО ""МІСЬКА ЛІКАРНЯ №1"" ЗАПОРІЗЬКОЇ МІСЬКОЇ РАДИ","асистент","Лабораторна справа (клініка)","15"
"20498781","КОМУНАЛЬНЕ НЕКОМЕРЦІЙНЕ ПІДПРИЄМСТВО ""МІСЬКА ЛІКАРНЯ №1"" ЗАПОРІЗЬКОЇ МІСЬКОЇ РАДИ","асистент","Лікувальна справа","4"
"20498781","КОМУНАЛЬНЕ НЕКОМЕРЦІЙНЕ ПІДПРИЄМСТВО ""МІСЬКА ЛІКАРНЯ №1"" ЗАПОРІЗЬКОЇ МІСЬКОЇ РАДИ","асистент","Лабораторна справа (гігієна)","4"
"20498781","КОМУНАЛЬНЕ НЕКОМЕРЦІЙНЕ ПІДПРИЄМСТВО ""МІСЬКА ЛІКАРНЯ №1"" ЗАПОРІЗЬКОЇ МІСЬКОЇ РАДИ","асистент","Лікувальна справа (невідкладні стани)","2"
"20498781","КОМУНАЛЬНЕ НЕКОМЕРЦІЙНЕ ПІДПРИЄМСТВО ""МІСЬКА ЛІКАРНЯ №1"" ЗАПОРІЗЬКОЇ МІСЬКОЇ РАДИ","асистент","Медична статистика","2"
"20498781","КОМУНАЛЬНЕ НЕКОМЕРЦІЙНЕ ПІДПРИЄМСТВО ""МІСЬКА ЛІКАРНЯ №1"" ЗАПОРІЗЬКОЇ МІСЬКОЇ РАДИ","асистент","Сестринська справа","136"
"20498781","КОМУНАЛЬНЕ НЕКОМЕРЦІЙНЕ ПІДПРИЄМСТВО ""МІСЬКА ЛІКАРНЯ №1"" ЗАПОРІЗЬКОЇ МІСЬКОЇ РАДИ","асистент","Акушерська справа","8"
"20498781","КОМУНАЛЬНЕ НЕКОМЕРЦІЙНЕ ПІДПРИЄМСТВО ""МІСЬКА ЛІКАРНЯ №1"" ЗАПОРІЗЬКОЇ МІСЬКОЇ РАДИ","асистент","Сестринська справа (операційна)","5"
"20498781","КОМУНАЛЬНЕ НЕКОМЕРЦІЙНЕ ПІДПРИЄМСТВО ""МІСЬКА ЛІКАРНЯ №1"" ЗАПОРІЗЬКОЇ МІСЬКОЇ РАДИ","асистент","Фізична терапія","1"
"20498781","КОМУНАЛЬНЕ НЕКОМЕРЦІЙНЕ ПІДПРИЄМСТВО ""МІСЬКА ЛІКАРНЯ №1"" ЗАПОРІЗЬКОЇ МІСЬКОЇ РАДИ","асистент","Рентгенологія","10"
"20498781","КОМУНАЛЬНЕ НЕКОМЕРЦІЙНЕ ПІДПРИЄМСТВО ""МІСЬКА ЛІКАРНЯ №1"" ЗАПОРІЗЬКОЇ МІСЬКОЇ РАДИ","відділ кадрів",NULL,"5"
"20498781","КОМУНАЛЬНЕ НЕКОМЕРЦІЙНЕ ПІДПРИЄМСТВО ""МІСЬКА ЛІКАРНЯ №1"" ЗАПОРІЗЬКОЇ МІСЬКОЇ РАДИ","керівник закладу ОЗ",NULL,"1"
"20498781","КОМУНАЛЬНЕ НЕКОМЕРЦІЙНЕ ПІДПРИЄМСТВО ""МІСЬКА ЛІКАРНЯ №1"" ЗАПОРІЗЬКОЇ МІСЬКОЇ РАДИ","працівник реєстратури",NULL,"50"
"20498781","КОМУНАЛЬНЕ НЕКОМЕРЦІЙНЕ ПІДПРИЄМСТВО ""МІСЬКА ЛІКАРНЯ №1"" ЗАПОРІЗЬКОЇ МІСЬКОЇ РАДИ","спеціаліст","Анестезіологія","7"
"20498781","КОМУНАЛЬНЕ НЕКОМЕРЦІЙНЕ ПІДПРИЄМСТВО ""МІСЬКА ЛІКАРНЯ №1"" ЗАПОРІЗЬКОЇ МІСЬКОЇ РАДИ","спеціаліст","Бактеріологія","4"
"20498781","КОМУНАЛЬНЕ НЕКОМЕРЦІЙНЕ ПІДПРИЄМСТВО ""МІСЬКА ЛІКАРНЯ №1"" ЗАПОРІЗЬКОЇ МІСЬКОЇ РАДИ","спеціаліст","Кардіологія","4"
"20498781","КОМУНАЛЬНЕ НЕКОМЕРЦІЙНЕ ПІДПРИЄМСТВО ""МІСЬКА ЛІКАРНЯ №1"" ЗАПОРІЗЬКОЇ МІСЬКОЇ РАДИ","спеціаліст","Клінічна лабораторна діагностика","4"
"20498781","КОМУНАЛЬНЕ НЕКОМЕРЦІЙНЕ ПІДПРИЄМСТВО ""МІСЬКА ЛІКАРНЯ №1"" ЗАПОРІЗЬКОЇ МІСЬКОЇ РАДИ","спеціаліст","Дерматовенерологія","1"
"20498781","КОМУНАЛЬНЕ НЕКОМЕРЦІЙНЕ ПІДПРИЄМСТВО ""МІСЬКА ЛІКАРНЯ №1"" ЗАПОРІЗЬКОЇ МІСЬКОЇ РАДИ","спеціаліст","Дієтологія","1"
"20498781","КОМУНАЛЬНЕ НЕКОМЕРЦІЙНЕ ПІДПРИЄМСТВО ""МІСЬКА ЛІКАРНЯ №1"" ЗАПОРІЗЬКОЇ МІСЬКОЇ РАДИ","спеціаліст","Медицина невідкладних станів","3"
"20498781","КОМУНАЛЬНЕ НЕКОМЕРЦІЙНЕ ПІДПРИЄМСТВО ""МІСЬКА ЛІКАРНЯ №1"" ЗАПОРІЗЬКОЇ МІСЬКОЇ РАДИ","спеціаліст","Ендокринологія","2"
"20498781","КОМУНАЛЬНЕ НЕКОМЕРЦІЙНЕ ПІДПРИЄМСТВО ""МІСЬКА ЛІКАРНЯ №1"" ЗАПОРІЗЬКОЇ МІСЬКОЇ РАДИ","спеціаліст","Ендоскопія","2"
"20498781","КОМУНАЛЬНЕ НЕКОМЕРЦІЙНЕ ПІДПРИЄМСТВО ""МІСЬКА ЛІКАРНЯ №1"" ЗАПОРІЗЬКОЇ МІСЬКОЇ РАДИ","спеціаліст","Епідеміологія","1"
"20498781","КОМУНАЛЬНЕ НЕКОМЕРЦІЙНЕ ПІДПРИЄМСТВО ""МІСЬКА ЛІКАРНЯ №1"" ЗАПОРІЗЬКОЇ МІСЬКОЇ РАДИ","спеціаліст","Функціональна діагностика","1"
"20498781","КОМУНАЛЬНЕ НЕКОМЕРЦІЙНЕ ПІДПРИЄМСТВО ""МІСЬКА ЛІКАРНЯ №1"" ЗАПОРІЗЬКОЇ МІСЬКОЇ РАДИ","спеціаліст","Гастроентерологія","1"
"20498781","КОМУНАЛЬНЕ НЕКОМЕРЦІЙНЕ ПІДПРИЄМСТВО ""МІСЬКА ЛІКАРНЯ №1"" ЗАПОРІЗЬКОЇ МІСЬКОЇ РАДИ","спеціаліст","Хірургія","9"
"20498781","КОМУНАЛЬНЕ НЕКОМЕРЦІЙНЕ ПІДПРИЄМСТВО ""МІСЬКА ЛІКАРНЯ №1"" ЗАПОРІЗЬКОЇ МІСЬКОЇ РАДИ","спеціаліст","Інфекційні хвороби","2"
"20498781","КОМУНАЛЬНЕ НЕКОМЕРЦІЙНЕ ПІДПРИЄМСТВО ""МІСЬКА ЛІКАРНЯ №1"" ЗАПОРІЗЬКОЇ МІСЬКОЇ РАДИ","спеціаліст","Неврологія","8"
"20498781","КОМУНАЛЬНЕ НЕКОМЕРЦІЙНЕ ПІДПРИЄМСТВО ""МІСЬКА ЛІКАРНЯ №1"" ЗАПОРІЗЬКОЇ МІСЬКОЇ РАДИ","спеціаліст","Акушерство і гінекологія","12"
"20498781","КОМУНАЛЬНЕ НЕКОМЕРЦІЙНЕ ПІДПРИЄМСТВО ""МІСЬКА ЛІКАРНЯ №1"" ЗАПОРІЗЬКОЇ МІСЬКОЇ РАДИ","спеціаліст","Онкологія","1"
"20498781","КОМУНАЛЬНЕ НЕКОМЕРЦІЙНЕ ПІДПРИЄМСТВО ""МІСЬКА ЛІКАРНЯ №1"" ЗАПОРІЗЬКОЇ МІСЬКОЇ РАДИ","спеціаліст","Офтальмологія","6"
"20498781","КОМУНАЛЬНЕ НЕКОМЕРЦІЙНЕ ПІДПРИЄМСТВО ""МІСЬКА ЛІКАРНЯ №1"" ЗАПОРІЗЬКОЇ МІСЬКОЇ РАДИ","спеціаліст","Ортопедія і травматологія","3"
"20498781","КОМУНАЛЬНЕ НЕКОМЕРЦІЙНЕ ПІДПРИЄМСТВО ""МІСЬКА ЛІКАРНЯ №1"" ЗАПОРІЗЬКОЇ МІСЬКОЇ РАДИ","спеціаліст","Отоларингологія","6"
"20498781","КОМУНАЛЬНЕ НЕКОМЕРЦІЙНЕ ПІДПРИЄМСТВО ""МІСЬКА ЛІКАРНЯ №1"" ЗАПОРІЗЬКОЇ МІСЬКОЇ РАДИ","спеціаліст","Фізична терапія","1"
"20498781","КОМУНАЛЬНЕ НЕКОМЕРЦІЙНЕ ПІДПРИЄМСТВО ""МІСЬКА ЛІКАРНЯ №1"" ЗАПОРІЗЬКОЇ МІСЬКОЇ РАДИ","спеціаліст","Фізіотерапія","1"
"20498781","КОМУНАЛЬНЕ НЕКОМЕРЦІЙНЕ ПІДПРИЄМСТВО ""МІСЬКА ЛІКАРНЯ №1"" ЗАПОРІЗЬКОЇ МІСЬКОЇ РАДИ","спеціаліст","Психіатрія","1"
"20498781","КОМУНАЛЬНЕ НЕКОМЕРЦІЙНЕ ПІДПРИЄМСТВО ""МІСЬКА ЛІКАРНЯ №1"" ЗАПОРІЗЬКОЇ МІСЬКОЇ РАДИ","спеціаліст","Організація і управління охороною здоров'я","2"
"20498781","КОМУНАЛЬНЕ НЕКОМЕРЦІЙНЕ ПІДПРИЄМСТВО ""МІСЬКА ЛІКАРНЯ №1"" ЗАПОРІЗЬКОЇ МІСЬКОЇ РАДИ","спеціаліст","Пульмонологія","3"
"20498781","КОМУНАЛЬНЕ НЕКОМЕРЦІЙНЕ ПІДПРИЄМСТВО ""МІСЬКА ЛІКАРНЯ №1"" ЗАПОРІЗЬКОЇ МІСЬКОЇ РАДИ","спеціаліст","Спортивна медицина","1"
"20498781","КОМУНАЛЬНЕ НЕКОМЕРЦІЙНЕ ПІДПРИЄМСТВО ""МІСЬКА ЛІКАРНЯ №1"" ЗАПОРІЗЬКОЇ МІСЬКОЇ РАДИ","спеціаліст","Стоматологія","1"
"20498781","КОМУНАЛЬНЕ НЕКОМЕРЦІЙНЕ ПІДПРИЄМСТВО ""МІСЬКА ЛІКАРНЯ №1"" ЗАПОРІЗЬКОЇ МІСЬКОЇ РАДИ","спеціаліст","Онкохірургія","1"
"20498781","КОМУНАЛЬНЕ НЕКОМЕРЦІЙНЕ ПІДПРИЄМСТВО ""МІСЬКА ЛІКАРНЯ №1"" ЗАПОРІЗЬКОЇ МІСЬКОЇ РАДИ","спеціаліст","Терапія","21"
"20498781","КОМУНАЛЬНЕ НЕКОМЕРЦІЙНЕ ПІДПРИЄМСТВО ""МІСЬКА ЛІКАРНЯ №1"" ЗАПОРІЗЬКОЇ МІСЬКОЇ РАДИ","спеціаліст","Ультразвукова діагностика","4"
"20498781","КОМУНАЛЬНЕ НЕКОМЕРЦІЙНЕ ПІДПРИЄМСТВО ""МІСЬКА ЛІКАРНЯ №1"" ЗАПОРІЗЬКОЇ МІСЬКОЇ РАДИ","спеціаліст","Урологія","2"
"20498781","КОМУНАЛЬНЕ НЕКОМЕРЦІЙНЕ ПІДПРИЄМСТВО ""МІСЬКА ЛІКАРНЯ №1"" ЗАПОРІЗЬКОЇ МІСЬКОЇ РАДИ","спеціаліст","Судинна хірургія","1"
"20498781","КОМУНАЛЬНЕ НЕКОМЕРЦІЙНЕ ПІДПРИЄМСТВО ""МІСЬКА ЛІКАРНЯ №1"" ЗАПОРІЗЬКОЇ МІСЬКОЇ РАДИ","спеціаліст","Вірусологія","1"
"20498781","КОМУНАЛЬНЕ НЕКОМЕРЦІЙНЕ ПІДПРИЄМСТВО ""МІСЬКА ЛІКАРНЯ №1"" ЗАПОРІЗЬКОЇ МІСЬКОЇ РАДИ","спеціаліст","Рентгенологія","6"
"26083704","КОМУНАЛЬНЕ НЕКОМЕРЦІЙНЕ ПІДПРИЄМСТВО ""ХЕРСОНСЬКА ОБЛАСНА ІНФЕКЦІЙНА ЛІКАРНЯ ІМ. Г.І. ГОРБАЧЕВСЬКОГО"" ХЕРСОНСЬКОЇ ОБЛАСНОЇ РАДИ","асистент","Лабораторна справа (клініка)","5"
"26083704","КОМУНАЛЬНЕ НЕКОМЕРЦІЙНЕ ПІДПРИЄМСТВО ""ХЕРСОНСЬКА ОБЛАСНА ІНФЕКЦІЙНА ЛІКАРНЯ ІМ. Г.І. ГОРБАЧЕВСЬКОГО"" ХЕРСОНСЬКОЇ ОБЛАСНОЇ РАДИ","асистент","Лабораторна справа (гігієна)","2"
"26083704","КОМУНАЛЬНЕ НЕКОМЕРЦІЙНЕ ПІДПРИЄМСТВО ""ХЕРСОНСЬКА ОБЛАСНА ІНФЕКЦІЙНА ЛІКАРНЯ ІМ. Г.І. ГОРБАЧЕВСЬКОГО"" ХЕРСОНСЬКОЇ ОБЛАСНОЇ РАДИ","асистент","Медична статистика","1"
"26083704","КОМУНАЛЬНЕ НЕКОМЕРЦІЙНЕ ПІДПРИЄМСТВО ""ХЕРСОНСЬКА ОБЛАСНА ІНФЕКЦІЙНА ЛІКАРНЯ ІМ. Г.І. ГОРБАЧЕВСЬКОГО"" ХЕРСОНСЬКОЇ ОБЛАСНОЇ РАДИ","асистент","Сестринська справа","42"
"26083704","КОМУНАЛЬНЕ НЕКОМЕРЦІЙНЕ ПІДПРИЄМСТВО ""ХЕРСОНСЬКА ОБЛАСНА ІНФЕКЦІЙНА ЛІКАРНЯ ІМ. Г.І. ГОРБАЧЕВСЬКОГО"" ХЕРСОНСЬКОЇ ОБЛАСНОЇ РАДИ","асистент","Сестринська справа (операційна)","7"
"26083704","КОМУНАЛЬНЕ НЕКОМЕРЦІЙНЕ ПІДПРИЄМСТВО ""ХЕРСОНСЬКА ОБЛАСНА ІНФЕКЦІЙНА ЛІКАРНЯ ІМ. Г.І. ГОРБАЧЕВСЬКОГО"" ХЕРСОНСЬКОЇ ОБЛАСНОЇ РАДИ","асистент","Рентгенологія","1"
"26083704","КОМУНАЛЬНЕ НЕКОМЕРЦІЙНЕ ПІДПРИЄМСТВО ""ХЕРСОНСЬКА ОБЛАСНА ІНФЕКЦІЙНА ЛІКАРНЯ ІМ. Г.І. ГОРБАЧЕВСЬКОГО"" ХЕРСОНСЬКОЇ ОБЛАСНОЇ РАДИ","керівник закладу ОЗ",NULL,"1"
"26083704","КОМУНАЛЬНЕ НЕКОМЕРЦІЙНЕ ПІДПРИЄМСТВО ""ХЕРСОНСЬКА ОБЛАСНА ІНФЕКЦІЙНА ЛІКАРНЯ ІМ. Г.І. ГОРБАЧЕВСЬКОГО"" ХЕРСОНСЬКОЇ ОБЛАСНОЇ РАДИ","спеціаліст","Анестезіологія","4"
"26083704","КОМУНАЛЬНЕ НЕКОМЕРЦІЙНЕ ПІДПРИЄМСТВО ""ХЕРСОНСЬКА ОБЛАСНА ІНФЕКЦІЙНА ЛІКАРНЯ ІМ. Г.І. ГОРБАЧЕВСЬКОГО"" ХЕРСОНСЬКОЇ ОБЛАСНОЇ РАДИ","спеціаліст","Бактеріологія","2"
"26083704","КОМУНАЛЬНЕ НЕКОМЕРЦІЙНЕ ПІДПРИЄМСТВО ""ХЕРСОНСЬКА ОБЛАСНА ІНФЕКЦІЙНА ЛІКАРНЯ ІМ. Г.І. ГОРБАЧЕВСЬКОГО"" ХЕРСОНСЬКОЇ ОБЛАСНОЇ РАДИ","спеціаліст","Клінічна лабораторна діагностика","2"
"26083704","КОМУНАЛЬНЕ НЕКОМЕРЦІЙНЕ ПІДПРИЄМСТВО ""ХЕРСОНСЬКА ОБЛАСНА ІНФЕКЦІЙНА ЛІКАРНЯ ІМ. Г.І. ГОРБАЧЕВСЬКОГО"" ХЕРСОНСЬКОЇ ОБЛАСНОЇ РАДИ","спеціаліст","Дерматовенерологія","1"
"26083704","КОМУНАЛЬНЕ НЕКОМЕРЦІЙНЕ ПІДПРИЄМСТВО ""ХЕРСОНСЬКА ОБЛАСНА ІНФЕКЦІЙНА ЛІКАРНЯ ІМ. Г.І. ГОРБАЧЕВСЬКОГО"" ХЕРСОНСЬКОЇ ОБЛАСНОЇ РАДИ","спеціаліст","Епідеміологія","1"
"26083704","КОМУНАЛЬНЕ НЕКОМЕРЦІЙНЕ ПІДПРИЄМСТВО ""ХЕРСОНСЬКА ОБЛАСНА ІНФЕКЦІЙНА ЛІКАРНЯ ІМ. Г.І. ГОРБАЧЕВСЬКОГО"" ХЕРСОНСЬКОЇ ОБЛАСНОЇ РАДИ","спеціаліст","Інфекційні хвороби","9"
"26083704","КОМУНАЛЬНЕ НЕКОМЕРЦІЙНЕ ПІДПРИЄМСТВО ""ХЕРСОНСЬКА ОБЛАСНА ІНФЕКЦІЙНА ЛІКАРНЯ ІМ. Г.І. ГОРБАЧЕВСЬКОГО"" ХЕРСОНСЬКОЇ ОБЛАСНОЇ РАДИ","спеціаліст","Дитяча анестезіологія","2"
"26083704","КОМУНАЛЬНЕ НЕКОМЕРЦІЙНЕ ПІДПРИЄМСТВО ""ХЕРСОНСЬКА ОБЛАСНА ІНФЕКЦІЙНА ЛІКАРНЯ ІМ. Г.І. ГОРБАЧЕВСЬКОГО"" ХЕРСОНСЬКОЇ ОБЛАСНОЇ РАДИ","спеціаліст","Дитячі інфекційні хвороби","2"
"26083704","КОМУНАЛЬНЕ НЕКОМЕРЦІЙНЕ ПІДПРИЄМСТВО ""ХЕРСОНСЬКА ОБЛАСНА ІНФЕКЦІЙНА ЛІКАРНЯ ІМ. Г.І. ГОРБАЧЕВСЬКОГО"" ХЕРСОНСЬКОЇ ОБЛАСНОЇ РАДИ","спеціаліст","Дитяча отоларингологія","1"
"26083704","КОМУНАЛЬНЕ НЕКОМЕРЦІЙНЕ ПІДПРИЄМСТВО ""ХЕРСОНСЬКА ОБЛАСНА ІНФЕКЦІЙНА ЛІКАРНЯ ІМ. Г.І. ГОРБАЧЕВСЬКОГО"" ХЕРСОНСЬКОЇ ОБЛАСНОЇ РАДИ","спеціаліст","Психотерапія","1"
"26083704","КОМУНАЛЬНЕ НЕКОМЕРЦІЙНЕ ПІДПРИЄМСТВО ""ХЕРСОНСЬКА ОБЛАСНА ІНФЕКЦІЙНА ЛІКАРНЯ ІМ. Г.І. ГОРБАЧЕВСЬКОГО"" ХЕРСОНСЬКОЇ ОБЛАСНОЇ РАДИ","спеціаліст","Ультразвукова діагностика","2"
"26083704","КОМУНАЛЬНЕ НЕКОМЕРЦІЙНЕ ПІДПРИЄМСТВО ""ХЕРСОНСЬКА ОБЛАСНА ІНФЕКЦІЙНА ЛІКАРНЯ ІМ. Г.І. ГОРБАЧЕВСЬКОГО"" ХЕРСОНСЬКОЇ ОБЛАСНОЇ РАДИ","спеціаліст","Вірусологія","1"
"26083704","КОМУНАЛЬНЕ НЕКОМЕРЦІЙНЕ ПІДПРИЄМСТВО ""ХЕРСОНСЬКА ОБЛАСНА ІНФЕКЦІЙНА ЛІКАРНЯ ІМ. Г.І. ГОРБАЧЕВСЬКОГО"" ХЕРСОНСЬКОЇ ОБЛАСНОЇ РАДИ","спеціаліст","Рентгенологія","2"
